join_key,year,street,state,city,zip,zip4,dept_sta,inc_type,num_mile,street_pre,streetname,streettype,streetsuf,apt_no,x_street
CA37115092720140014181000,2014,1817  Peacock BLVD ,CA,OCEANSIDE,92056,,,611,1817,,Peacock,BLVD,,,1817 Peacock Blvd
CA43070012420150249243000,2015,558  CAPITOL VILLAGE  ,CA,SAN JOSE,95111,,18,321,558,,CAPITOL VILLAGE,,,,
CA33110052420160062896000,2016,00039700  BOB HOPE DR ,CA,RANM,92270,,RRU,300,39700,,BOB HOPE,DR,,,COLUMBIA DR COUNTRY CLUB DR
CA15010122820141443671000,2014,24340  WILLOW PASS DR ,CA,BEAR VALLEY,93561,,K16,321,24340,,WILLOW PASS,DR,,,
CA30065112920160126592000,2016,601 S DAISY  ,CA,SANTA ANA,0,0,FS7,600,601,S,DAISY,,,,
CA19110092020140242064000,2014,5132 W AVENUE M4  ,CA,QUARTZ HILL,0,0,84,321,5132,W,AVENUE M4,,,,btwn N 50TH ST W
CA15010082920151531621000,2015,14001  YOKUTS LN ,CA,BAKERSFIELD,93306,,K41,611,14001,,YOKUTS,LN,,,
CA43080090420162480049000,2016,  WESTMONT  ,CA,CAMPBELL,95008,,SU,550,,,WESTMONT,,,,CROCKETT AV
CA37165101020140021273000,2014,00004224  NABAL DR ,CA,SANMIGUEL,91977,,MVU,311,4224,,NABAL,DR,,,10700 BLK CHALLENGE BL 10650
CA28010021920140001178000,2014,3878  KLAMATH WAY ,CA,NAPA,94558,,2,321,3878,,KLAMATH,WAY,,,
CA39050061320140002607000,2014,199  SKY PL ,CA,Manteca,95336,,1,321,199,,SKY,PL,,,
CA19205011020150001107000,2015,2570 S SANTA FE  ,CA,VERNON,90058,,,321,2570,S,SANTA FE,,,,
CA45055102720150010683000,2015,4445  ALTA MESA DR ,CA,Redding,96002,,5,114,4445,,ALTA MESA,DR,,,
CA37125022020150000615000,2015,14885  Pomerado RD ,CA,POWAY,92064,,3,321,14885,,Pomerado,RD,,,14885 Pomerado Rd
CA42015070520160002343000,2016,230 S G ST ,CA,LOMPOC,93436,,1,321,230,S,G,ST,,,
CA42035091620150011390000,2015,1461  CALLE SEGUNDA  ,CA,LOMPOC,93436,,51,321,1461,,CALLE SEGUNDA,,,,
CA41085072320160007721000,2016,1410  OLD COUNTY RD ,CA,Belmont,94002,,14,321,1410,,OLD COUNTY,RD,,,
CA19175020120160003715000,2016,0  LAKELAND RD ,CA,SANTA FE SPRINGS,90670,,,321,0,,LAKELAND,RD,,,NORWALK
CA41035112020160006775000,2016,539  HANOVER ST ,CA,DALY CITY,94015,,92,321,539,,HANOVER,ST,,,
CA54045010220120000048000,2012,9500 W AIRPORT DR ,CA,Visalia,93277,,S55,462,9500,W,AIRPORT,DR,,,
CA19110082020150231261000,2015,6002  PALOS VERDES  S,CA,RANCHO PALOS VERDES,0,0,53,321,6002,,PALOS VERDES,,S,,btwn ABALONE COVE
CA15010090720151532771000,2015,4423  JOHNSTON  ,CA,INYOKERN,93555,,K73,521,4423,,JOHNSTON,,,C,
CA30065112220150118961000,2015,24701  RAYMOND  ,CA,LAKE FOREST CITY,0,0,FS1,321,24701,,RAYMOND,,,142,PROTHERO MOBILE ESTATES
CA33054050320140046334000,2014,00015660  LASSELLE ST ,CA,MOVA,92555,,RRU,321,15660,,LASSELLE,ST,,,26000 BLK GENTIAN AV VIA LETI
CA49145052620150011431000,2015,129  VALLEY OAKS DR ,CA,SANTA ROSA,95409,,7,321,129,,VALLEY OAKS,DR,,,
CA41085060420080002002000,2008,1226   EDGEWOOD RD  ,CA,Redwood City,94062, ,18,111,1226, ,EDGEWOOD,RD, , ,
CA30005061820161618340000,2016,2520 W LA PALMA AVE ,CA,Anaheim,92801,,2,321,2520,W,LA PALMA,AVE,,,
CA01075031520140017611000,2014,  CALDECOTT LN ,CA,OAKLAND,94609,,ST0,150,,,CALDECOTT,LN,,,TUNNEL
CA19075030820161603927000,2016,330  MISSION RD ,CA,Glendale,91206,,Gle,300,330,,MISSION,RD,,221A,LEISURE GLEN ACUTE CARE btw
CA30005091520141424907000,2014,1716 S DISNEYLAND  ,CA,Anaheim,92802,,44,611,1716,S,DISNEYLAND,,,,
CA19110090720160259956000,2016,44108  GLENRAVEN  ,CA,LANCASTER,0,0,33,611,44108,,GLENRAVEN,,,,btwn 4TH ST E
CA19110030920160072394000,2016,3835 W 104TH  ,CA,INGLEWOOD,0,0,170,321,3835,W,104TH,,,5,btwn S DOTY AV
CA37140081920160103084000,2016,310  Market ST ,CA,SAN DIEGO,92101,,1,321,310,,Market,ST,,1103,310 Market St
CA27025022520160000422000,2016,1202  SAN MIGUEL CANYON RD ,CA,Royal Oaks,95076,9507,3,324,1202,,SAN MIGUEL CANYON,RD,,,
CA43030102720155300004000,2015,1001 S Main ST ,CA,MILPITAS,95035,,STA,111,1001,S,Main,ST,,102,1001 S Main St
CA33051120520140128413000,2014,00027000  NEWPORT RD ,CA,MENI,92584,,RRU,321,27000,,NEWPORT,RD,,,
CA34090091520140125897000,2014,6612  Briartree WY ,CA,Sacramento,95842,,25,321,6612,,Briartree,WY,,,
CA19110121720140326126000,2014,10786 E LIVE OAK  ,CA,TEMPLE CITY,0,0,47,321,10786,E,LIVE OAK,,,B,btwn PERSIMMON AV
CA30005080820151523847000,2015,9262  PICADILLY  ,CA,Anaheim,92801,,2,321,9262,,PICADILLY,,,,
CA21045052420150001331000,2015,801  Bridgeway  ,CA,Sausalito,94965,,1,735,801,,Bridgeway,,,,
CA21015110420150001659000,2015,131  Buena Vista AVE ,CA,Corte Madera,94925,,14,321,131,,Buena Vista,AVE,,,
CA19110110320140284102000,2014,15454 E GALE  ,CA,HACIENDA HEIGHTS,0,0,43,321,15454,E,GALE,,,E1,btwn ANGELCREST DR
CA12140092020150007225000,2015,1605  Giuntoli  ,CA,Arcata,95521,,MR,622,1605,,Giuntoli,,,,
CA57065031120090001244000,2009,815   Hill CT  ,CA,W. Sacramento,95605, ,44,118,815, ,Hill,CT, , ,
CA19100081020161636638000,2016,5327  GREENMEADOW RD ,CA,Long Beach,90808,,19,321,5327,,GREENMEADOW,RD,,,
CA21075082220167505291000,2016,809  A ST ,CA,San Rafael,94901,,51,321,809,,A,ST,,1,
CA38005031620160027981000,2016,375  LAGUNA HONDA BL  ,CA,San Francisco,94116,,,735,375,,LAGUNA HONDA BL,,,,
CA21035072320140000933000,2014,432  William  ,CA,Larkspur,94939,,15,321,432,,William,,,,
CA04035053120030005692000,2003,45   Mono AVE  ,CA,Oroville,95965, ,63,321,45, ,Mono,AVE, ,L,Cross Table Mtn Blvd
CA37025030820150002104000,2015,987  Postal WAY ,CA,Vista,92083,,OUT,611,987,,Postal,WAY,,APT 47,987 Postal Wy
CA15010070820161625430000,2016,615  CENTRAL  ,CA,KERN COUNTY,93308,,K64,554,615,,CENTRAL,,,12,
CA19105070420110000727000,2011,06861 N RANCHITO AV  ,CA,VAN NUYS,91405, ,39,113,6861,N,RANCHITO,AV, , ,RANCHITO                    AV
CA19110012620160026025000,2016,24979  CONSTITUTION  ,CA,STEVENSON RANCH,0,0,124,321,24979,,CONSTITUTION,,,935,btwn N FOUNTAIN GLEN
CA31085071720151509390000,2015,1  MEDICAL PLZ ,CA,ROSEVILLE,95661,,6,511,1,,MEDICAL,PLZ,,,
CA27080060620160001307000,2016,815  CANYON DEL REY BLVD ,CA,Del Rey Oaks,93940,,1,622,815,,CANYON DEL REY,BLVD,,,
CA19110070720150187054000,2015,4128 W AVENUE L  ,CA,QUARTZ HILL,0,0,84,321,4128,W,AVENUE L,,,D,btwn N 40TH ST W
CA38005012220160008134000,2016,350  HARBOR RD ,CA,San Francisco,94124,,,711,350,,HARBOR,RD,,,
CA33105051620140051091000,2014,00074855  COUNTRY CLUB DR ,CA,PDES,92260,,RRU,321,74855,,COUNTRY CLUB,DR,,,39600 BLK DESERT SPRINGS DR C
CA41070072220161605663000,2016,  NORTHRIDGE  ,CA,WOODSIDE,94061,,7,322,,,NORTHRIDGE,,,,WOODSIDE
CA34080071420160047003000,2016,3745  WHITEHEAD ST ,CA,RCS,95827,,,611,3745,,WHITEHEAD,ST,,,
CA19110110520140286447000,2014,5200  ENTRAR  ,CA,PALMDALE,0,0,136,321,5200,,ENTRAR,,,,btwn PESEBRE DR
CA56020090720150028769000,2015,942 S WESTLAKE  ,CA,Westlake,92360,,,611,942,S,WESTLAKE,,,,Mobil Gas Station31038942
CA19100100420161645916000,2016,2865  ATLANTIC AV  ,CA,Long Beach,90806,,7,555,2865,,ATLANTIC AV,,,,
CA37110060520150003425000,2015, E Division ST ,CA,NATIONAL CITY,91950,,,322,,E,Division,ST,,,Euclid AV
CA48060091020150053085000,2015,110  SANSOME CT ,CA,VACAVILLE,95688,,74,321,110,,SANSOME,CT,,,
CA37065012020150000305000,2015,262 N El Camino Real  ,CA,ENCINITAS,92024,,ENC,321,262,N,El Camino Real,,,,262 N El Camino Real
CA19110010120160000369000,2016,13750 S LEMOLI  ,CA,HAWTHORNE,0,0,162,321,13750,S,LEMOLI,,,16,btwn W 135TH ST
CA43070061920161719132000,2016,2910  MCKEE RD ,CA,SAN JOSE,95127,,2,322,2910,,MCKEE,RD,,,
CA38005101520150026567000,2015,2150  THE EMBARCADERO NOR  ,CA,San Francisco,94133,,,342,2150,,THE EMBARCADERO NOR,,,,
CA42035122820140015459000,2014,3760  RUCKER RD ,CA,LOMPOC,93436,,51,520,3760,,RUCKER,RD,,,
CA19110113020140308760000,2014,23055  16TH  ,CA,SANTA CLARITA,0,0,73,321,23055,,16TH,,,,btwn N CHESTNUT ST
CA19110070820160196956000,2016,12326  MEADOW  ,CA,ARTESIA,0,0,30,700,12326,,MEADOW,,,,btwn S NORWALK BLVD
CA19110052820150146037000,2015,37916 N 28TH  E,CA,PALMDALE,0,0,131,321,37916,N,28TH,,E,,btwn E AVENUE R3
CA48060061820150035101000,2015,260  LOCH LOMOND DR ,CA,Vacaville,95687,,72,321,260,,LOCH LOMOND,DR,,,
CA48005030420160640056000,2016,100 W K ST ,CA,BENICIA,94510,,11,321,100,W,K,ST,,,
CA19025111720150006347000,2015,333 S ELM DR ,CA,BEVERLY HILLS,90212,,,321,333,S,ELM,DR,,202,
CA54010102120150003867000,2015,1665 E El Monte  ,CA,Dinuba,93618,,S31,130,1665,E,El Monte,,,,
CA30065020420160013170000,2016,26447  PASEO PAMELA  ,CA,SAN JUAN CAPISTRANO,0,0,FS0,531,26447,,PASEO PAMELA,,,,
CA19110052820150146255000,2015,10832 E VALLEY  ,CA,EL MONTE,0,0,166,321,10832,E,VALLEY,,,,btwn N PALM CT
CA19100012120100002860000,2010,2154 W SPRING ST  ,CA,LONG BEACH,90810, ,13,440,2154,W,SPRING,ST, , ,
CA10030042020166021747000,2016, W B ST ,CA,Kerman,93630,,S21,311,,W,B,ST,,,Second
CA04035030920030002587000,2003,14389   TULANE CT  ,CA,MAGALIA,95954, ,33,321,14389, ,TULANE,CT, , ,
CA56020010820150000905000,2015,460  ARBOR LANE  ,CA,Thousand Oaks,91360,,,553,460,,ARBOR LANE,,,APT 206,OAK KNOLL VILLAS30015460
CA09050011620140001258000,2014,00003215  UNITED DR ,CA,CAMERONPARK,95682,,AEU,553,3215,,UNITED,DR,,,2840 BLK ROYAL PARK DR 2996 B
CA19110082020160241768000,2016,601 N AZUSA  ,CA,COVINA,0,0,152,611,601,N,AZUSA,,,,btwn W FRONT ST
CA30065052320140044673000,2014,22379  EL TORO  ,CA,LAKE FOREST CITY,0,0,FS1,321,22379,,EL TORO,,,,NEAR MONTCLIFF DR
CA19110050320050092596000,2005,3548 E 53RD    ,CA,MAYWOOD,0,0,163,113,3548,E,53RD, , , ,btwn MAYWOOD AV
CA57075053020080002007000,2008,2259   BRONZE STAR DR  ,CA,WOODLAND,95776, ,STA,400,2259, ,BRONZE STAR,DR, , ,2259 BRONZE STAR DR
CA37140052420160064272000,2016,2374  Servando AVE ,CA,SAN DIEGO,92154,,29,611,2374,,Servando,AVE,,120,2374 Servando Av
CA04010010120160000003000,2016,191 E 2ND ST ,CA,Chico,95928,,1,321,191,E,2ND,ST,,,MAIN ST
CA37130062720150013693000,2015,00000511 S 14TH ST ,CA,RAMONA,92065,,MVU,321,511,S,14TH,ST,,,1399 BLK E ST 1399 BLK LA HAI
CA22025051820150000418000,2015,5787  Darrah RD ,CA,Mariposa,95338,,29,311,5787,,Darrah,RD,,,
CA34090121720140170048000,2014,8116  Zenith DR ,CA,Sacramento,95842,,25,500,8116,,Zenith,DR,,,
CA41090042420160004387000,2016,100 S SAN MATEO DR ,CA,San Mateo,94401,,21,321,100,S,SAN MATEO,DR,,,
CA19105011020110001330000,2011,01876 S RIMPAU BL  ,CA,LOS ANGELES,90016, ,68,412,1876,S,RIMPAU,BL, , ,RIMPAU                      BL
CA49145010320140000154000,2014,  PARKER HILL CT  ,CA,SANTA ROSA,95404,,5,622,,,PARKER HILL CT,,,,PARKER HILL RD
CA30065110120150111295000,2015,71  HALLMARK  ,CA,IRVINE,0,0,FS2,321,71,,HALLMARK,,,,
CA19105010620150000632000,2015,  665 S STANFORD AV X E 7TH ST M  ,CA,LOS ANGELES,90013,,9,118,,,665 S STANFORD AV X E 7TH ST M,,,,665 S STANFORD AV X E 7TH ST M
CA39050022120160000957000,2016,1415 E YOSEMITE AVE ,CA,Manteca,95336,,1,321,1415,E,YOSEMITE,AVE,,105,
CA07035051120150003167000,2015,318  CAMEO DR ,CA,DANVILLE,94526,,33,321,318,,CAMEO,DR,,,X1PLAZA CIR X2VALLE VISTA
CA39065121420166039835000,2016, E FREMONT ST ,CA,Stockton,95202,,C12,611,,E,FREMONT,ST,,,
CA30065082720140075194000,2014,118  CALLE DEL PACIFICO  ,CA,SAN CLEMENTE,0,0,FS6,321,118,,CALLE DEL PACIFICO,,,,NEAR CALLE CITA
CA37140092020140101357000,2014,6355  Park Ridge Bl  ,CA,SAN DIEGO,92120,,31,600,6355,,Park Ridge Bl,,,,6355 Park Ridge Bl
CA34080022320140011428000,2014,3072  MILL OAK WAY ,CA,Sacramento,95833,,,321,3072,,MILL OAK,WAY,,,
CA30020082820161608466000,2016,2029  HARBOR BLVD ,CA,Costa Mesa,92626,,S3,321,2029,,HARBOR,BLVD,,5,
CA19110022720150057372000,2015,22002  NEWKIRK  ,CA,CARSON,0,0,36,321,22002,,NEWKIRK,,,,btwn E 220TH ST
CA27070072320160007767000,2016,  Work  ,CA,Salinas,93901,,,322,,,Work,,,,E Alisal
CA34080030620150014417000,2015,3786  ROBINRIDGE WAY ,CA,Sacramento,95823,,,321,3786,,ROBINRIDGE,WAY,,,
CA42040041420160002773000,2016,114 S THORNBURG  ,CA,Santa Maria,93458,,ST1,611,114,S,THORNBURG,,,,
CA43070062620151779064000,2015,13043  WATER ST ,CA,SAN JOSE,95111,,18,321,13043,,WATER,ST,,,
CA58555061820070012526000,2007,    Waldo RD  ,CA,SMARTVILLE,95977, ,NEU,143, , ,Waldo,RD, , ,Shooting Range
CA41095102820141404755000,2014,  SB 101 FWY ,CA,BRISBANE,94005,,62,611,,,SB 101,FWY,,,SB 101 NO SIERRA
CA43070040420150949181000,2015,3437  GROSSMONT DR ,CA,SAN JOSE,95132,,19,321,3437,,GROSSMONT,DR,,,
CA45055081920140007847000,2014,2880  PARK MARINA DR ,CA,Redding,96001,,1,321,2880,,PARK MARINA,DR,,,
CA34080121520140074479000,2014,0  SB I5 NO LAGUNA BL  ,CA,Sacramento,95832,,,324,0,,SB I5 NO LAGUNA BL,,,,
CA19110110820150313913000,2015,37337  NEWBURY  ,CA,PALMDALE,0,0,93,321,37337,,NEWBURY,,,,btwn BAYHURST PL
CA37110061620160010711000,2016,126  Broadway  ,CA,CHULA VISTA,91910,,,118,126,,Broadway,,,,
CA19110120720150342895000,2015,15909 S BELLFLOWER  ,CA,BELLFLOWER,0,0,23,321,15909,S,BELLFLOWER,,,,btwn E ALONDRA BLVD
CA01075020220150008371000,2015,  98TH  ,CA,OAKLAND,94612,,ST2,131,,,98TH,,,,SB I880
CA34090110720160167386000,2016,4020  Oak Villa  ,CA,Carmichael,95608,,109,321,4020,,Oak Villa,,,,
CA41095120820151505658000,2015,876  OLIVE AVE ,CA,SOUTH SAN FRANCISCO,94080,,65,554,876,,OLIVE,AVE,,,876 OLIVE AV
CA43080122220163570062000,2016,800  BLOSSOM HILL RD ,CA,LOS GATOS,95032,,SH,745,800,,BLOSSOM HILL,RD,,,
CA19110081120150222390000,2015,1638  MIKI  ,CA,LANCASTER,0,0,135,321,1638,,MIKI,,,,btwn THOMAS DR
CA19110051920140125865000,2014,3339  SHADOW CREEK LANE ,CA,PICO RIVERA,0,0,40,321,3339,,SHADOW CREEK,LANE,,,btwn TORREY PINES WY
CA49115051720070001896000,2007,  N McDowell BLVD  ,CA,Petaluma,94954, ,2,463, ,N,McDowell,BLVD, , ,Lynch Creek WY
CA19110030620140058279000,2014,12619 S AVALON  ,CA,WILLOWBROOK CNTY,0,0,41,700,12619,S,AVALON,,,,btwn E 126TH ST
CA01040061820141406242000,2014,711  OLD CANYON RD ,CA,FREMONT,94536,,S02,510,711,,OLD CANYON,RD,,,
CA30065012320150008644000,2015,1300  GOLDEN RAIN  ,CA,SEAL BEACH,0,0,FS4,321,1300,,GOLDEN RAIN,,,9A,Betty Liles
CA37140053020150061265000,2015,  Bernardo Center DR ,CA,SAN DIEGO,92128,,33,322,,,Bernardo Center,DR,,,Bernardo
CA24010101920150020522000,2015,00002549  BLOSSOM ST ,CA,DOSPALOSCITY,93620,,MMU,321,2549,,BLOSSOM,ST,,,1499 BLK MITCHELL AV 1430 BLK
CA50040090720160026207000,2016,416  DOWNEY AVE ,CA,MODESTO,95354,,1,321,416,,DOWNEY,AVE,,APT,
CA41050032320140001781000,2014,1720 W BAYSHORE RD ,CA,East Palo Alto,94303,,2,321,1720,W,BAYSHORE,RD,,,
CA30065082920120066751000,2012, S MAIN ST E ANAHURST  ,CA,SANTA ANA,92707,,99,400,,S,MAIN ST E ANAHURST,,,,
CA27025051620050000877000,2005,47   SILL RD  ,CA,Royal Oaks,95076, ,2,444,47, ,SILL,RD, , ,
CA47060110620120008193000,2012,402 N CASTLE ST ,CA,MT SHASTA,96067,,1,131,402,N,CASTLE,ST,,,
CA38005112520160122664000,2016,  SUTTER STPOWELL ST ,CA,San Francisco,94108,,,322,,,SUTTER STPOWELL,ST,,,
CA19110100920160293397000,2016,914 N SEDONA  ,CA,SAN DIMAS,0,0,64,611,914,N,SEDONA,,,,btwn E ALLEN AV
CA19110101020150285085000,2015,9337 E MUROC  ,CA,BELLFLOWER,0,0,98,321,9337,E,MUROC,,,,btwn BLUEGROVE AV
CA43070040920161009103000,2016, S WHITE RD ,CA,SAN JOSE,95148,,21,323,,S,WHITE,RD,,,MT MCKINLEY DR
CA01075032820140020719000,2014,550  40TH ST ,CA,OAKLAND,94609,,,311,550,,40TH,ST,,,550 40TH ST
CA39065012420166002407000,2016,536 S SAN JOAQUIN ST ,CA,Stockton,95202,,C02,321,536,S,SAN JOAQUIN,ST,,,
CA19040050520160014272000,2016,123 E ARTESIA BLVD ,CA,COMPTON,90220,,,321,123,E,ARTESIA,BLVD,,,
CA19110020620160037984000,2016, N 60TH  E,CA,PALMDALE,0,0,93,600,,N,60TH,,E,,EAVENUE R11
CA31085043020141404343000,2014,2351  WHARTON LN ,CA,ROSEVILLE,95747,,9,554,2351,,WHARTON,LN,,219,
CA34080070220160044206000,2016,1400  Q ST ,CA,Sacramento,95814,,,321,1400,,Q,ST,,9,
CA37140021620150019156000,2015,459  Encinitas AVE ,CA,SAN DIEGO,92114,,32,132,459,,Encinitas,AVE,,,459 Encinitas Av
CA30065100920150102333000,2015,3201 S SUSAN  ,CA,SANTA ANA,0,0,FS7,321,3201,S,SUSAN,,,,FABRICA INTERNATIONAL
CA19195102220140465268000,2014,410 S FREMONT AV  ,CA,Alhambra,91801,,,321,410,S,FREMONT AV,,,,
CA01075120620160086242000,2016,5950  THORNHILL DR ,CA,OAKLAND,94611,,ST2,600,5950,,THORNHILL,DR,,,5950 THORNHILL DR
CA01008041720161612394000,2016,555  VIA MANZANAS  ,CA,SAN LORENZO,94580,,22,321,555,,VIA MANZANAS,,,APT 10,
CA33054110420150124831000,2015,00024394  PAWNEE TRL ,CA,MOVA,92557,,RRU,321,24394,,PAWNEE,TRL,,,24000 BLK QUAPAW TRL DEADEND
CA15010082620151531123000,2015,1107  CALLOWAY DR ,CA,BAKERSFIELD,93312,,K65,311,1107,,CALLOWAY,DR,,,
CA55045101220060000407000,2006,18930   Highway 120 HWY  ,CA,Groveland,95321, ,1,137,18930, ,Highway 120,HWY, , ,
CA19105092420140000856000,2014,  98 EAST BASIN X EAST BASIN CHA  ,CA,LOS ANGELES,90744,,49,611,,,98 EAST BASIN X EAST BASIN CHA,,,,98 EAST BASIN X EAST BASIN CHA
CA01008092920161631534000,2016,2535  MADISON  ,CA,UNION CITY,94587,,31,611,2535,,MADISON,,,,
CA19155100420160005170000,2016,208  YACHT CLUB  ,CA,REDONDO BEACH,90277,,3,553,208,,YACHT CLUB,,,A00,
CA36193052520151533707000,2015,15060  Seneca RD ,CA,VICTORVILLE,92394,,313,321,15060,,Seneca,RD,,3,15060 Seneca Rd
CA39065041720144011598000,2014,627 N WILSON WAY ,CA,STOCKTON,95205,,C09,611,627,N,WILSON,WAY,,,
CA19105042720150000599000,2015,00849 E 6TH ST ,CA,LOS ANGELES,90013,,9,700,849,E,6TH,ST,,,6TH                         ST
CA19110110820150314178000,2015,4253  WOODRUFF  ,CA,LAKEWOOD,0,0,94,321,4253,,WOODRUFF,,,,btwn E CARSON ST
CA38005061320140006741000,2014,0  6TH STFOLSOM ST ,CA,San Francisco,94103,,,700,0,,6TH STFOLSOM,ST,,,Folsom Street
CA17040062720140005188000,2014,00019287  HARTMANN RD ,CA,HIDDENVALLEY,95467,,LNU,320,19287,,HARTMANN,RD,,,MOUNTAIN MEADOW N HIDDEN VALL
CA37140090220160109374000,2016,  17th ST ,CA,SAN DIEGO,92101,,11,322,,,17th,ST,,,Market
CA34020090820070009033000,2007,    Cresleigh PW  ,CA,Elk Grove,95757, ,74,100, , ,Cresleigh,PW, , ,Elk Grove BL
CA24035013120160001927000,2016,00000678  I5  S,CA,SANTANELLA,95322,,MMU,700,678,,I5,,S,,I 5 S X HWY 33
CA12045102620140004549000,2014,1124  EVERDING ST ,CA,EUREKA,95501,,5,736,1124,,EVERDING,ST,,,
CA34080021120160009572000,2016,3001  MEADOWVIEW RD ,CA,Sacramento,95822,,,321,3001,,MEADOWVIEW,RD,,,
CA19110030520160068277000,2016, N KINGTREE  ,CA,LANCASTER,0,0,33,321,,N,KINGTREE,,,,WAVENUE H12
CA57075101320161605321000,2016,  Cottonwood ST ,CA,Woodland,95695,,ST1,324,,,Cottonwood,ST,,,Farrell
CA24035042120160007246000,2016,00012261  NANTES  ,CA,LOSBANOS,93635,,MMU,311,12261,,NANTES,,,,DEADEND 20001 BLK HENRY MILL
CA52030032620110002085000,2011,22250   Gilmore Ranch RD  ,CA,Red Bluff,96080, ,TGU,111,22250, ,Gilmore Ranch,RD, , ,12981 BLK PEACH TREE LN
CA33051032520150034545000,2015,00027625  SHERMAN RD ,CA,MENI,92586,,RRU,320,27625,,SHERMAN,RD,,,27500 BLK CHAMBERS AV 27199 B
CA30025080620131303222000,2013,  NB 405 FY MAGNOLIA AV  ,CA,FOUNTAIN VALLEY,92708,,V02,131,,,NB 405 FY MAGNOLIA AV,,,,MAGNOLIA AV
CA24035052420150009703000,2015,00002821  TRINIDADE RD ,CA,CASTLE,95301,,MMU,311,2821,,TRINIDADE,RD,,,3500 BLK LANGTRY AV 3499 BLK
CA50555080920150002940000,2015,  FINCH RD ,CA,MODESTO,95354,,3,322,,,FINCH,RD,,,MITCHELL
CA41556091520151503813000,2015,882  MAHLER RD ,CA,Burlingame,94010,,36,321,882,,MAHLER,RD,,,
CA37140031820140028381000,2014,2500  Paseo Internacional  ,CA,SAN DIEGO,92154,,43,611,2500,,Paseo Internacional,,,,2500 Paseo Internacional
CA19110070620140169642000,2014, W COPPER HILL  ,CA,SANTA CLARITA,0,0,156,611,,W,COPPER HILL,,,,SAN FRANCISQUITO CYNRD
CA30065020520140011030000,2014,27741  CROWN VALLEY  ,CA,MISSION VIEJO,0,0,FS0,321,27741,,CROWN VALLEY,,,, KALEIDOSCOPE
CA36193013120151507377000,2015,23998  Straight WAY ,CA,CRESTLINE,92407,,25,321,23998,,Straight,WAY,,9,23998 Straight Way
CA33067121720140132996000,2014,45000  Pechanga PKY ,CA,Temecula,92592,,2,311,45000,,Pechanga,PKY,,,
CA37140022320140019666000,2014,4031  Main ST ,CA,CHULA VISTA,91911,,CV5,321,4031,,Main,ST,,,4031 Main St
CA19110052820160152903000,2016,718 E 137TH  ,CA,COMPTON CNTY,0,0,95,321,718,E,137TH,,,,btwn S STANFORD AV
CA33052050520120044267000,2012,00054200  AVENIDA MONTEZUMA  ,CA,LAQ,92253,,RRU,160,54200,,AVENIDA MONTEZUMA,,,,
CA43105113020160007673000,2016,111 E EL CAMINO REAL  ,CA,SUNNYVALE,94086,,ST4,321,111,E,EL CAMINO REAL,,,,
CA47045122420140009841000,2014,  Hwy 97  ,CA,Mt Hebron,96058,,,611,,,Hwy 97,,,,10 mi so  on hwy 97
CA30065071020050042375000,2005,1113 S EL CAMINO REAL    ,CA,SAN CLEMENTE,0,0,FS6,463,1113,S,EL CAMINO REAL, , , ,NEAR W PASEO DE CRISTOBAL
CA19055030720150006568000,2015,12317  MARBEL  ,CA,DOWNEY,90242,,,321,12317,,MARBEL,,,,
CA37070052620140005410000,2014,1261 E WASHINGTON AVE ,CA,Escondido,92027,,7,321,1261,E,WASHINGTON,AVE,,122,
CA30055022220111101348000,2011,    EASTBLUFF DR N,CA,NEWPORT BEACH,92660, ,7,131, , ,EASTBLUFF,DR,N, ,JAMBOREE
CA21055100220140003701000,2014,164  YOSEMITE RD ,CA,SRP,94949,,HQ,321,164,,YOSEMITE,RD,,,btwn BRYCE CANYONRD SHENANDO
CA43080101920152920002000,2015,18841  ARATA  ,CA,CUPERTINO,95014,,CU,311,18841,,ARATA,,,,
CA19100112620161654597000,2016,2140 W CANTON ST ,CA,Long Beach,90810,,13,321,2140,W,CANTON,ST,,,
CA19100091420161642669000,2016,1709  LEWIS AV1  ,CA,Long Beach,90813,,10,622,1709,,LEWIS AV1,,,,
CA30065031720160029606000,2016,3  PURSUIT  ,CA,ALISO VIEJO,0,0,FS5,611,3,,PURSUIT,,,,THE COVINGTONSKILLED NURSING
CA33085110820150126580000,2015,00001416  JACKSON  ,CA,SANJ,92583,,RRU,321,1416,,JACKSON,,,,DEADEND 464 BLK INDEPENDENCE
CA07100030520166020450000,2016,1054  Victoria PARK ,CA,Hercules,HER,,75,321,1054,,Victoria,PARK,,,1054 Victoria Park
CA37140011920150007848000,2015,11524  Elbert CT ,CA,SAN DIEGO,92126,,44,321,11524,,Elbert,CT,,,11524 Elbert Ct
CA19105091920140000950000,2014,02158 E LIVE OAK DR ,CA,LOS ANGELES,90064,,82,611,2158,E,LIVE OAK,DR,,,LIVE OAK                    DR
CA37165061120150012314000,2015,00001219  PERSIMMON  ,CA,SANMIGUEL,92021,,MVU,321,1219,,PERSIMMON,,,9,1200 BLK ORO ST 1199 BLK PERS
CA34080051620160032385000,2016,903  DEL PASO BLVD ,CA,Sacramento,95815,,,321,903,,DEL PASO,BLVD,,,
CA19110082320100189959000,2010,    RANDOLPH    ,CA,MAYWOOD,0,0,163,151, , ,RANDOLPH, , , ,DISTRICTBLVDD
CA10030081920070749408000,2007,  N Millbrook    ,CA,Fresno,93702, ,4,131, ,N,Millbrook, , , ,Harvey
CA19110112720160344033000,2016,2662  CLARENDON  ,CA,HUNTINGTON PARK,0,0,164,611,2662,,CLARENDON,,,,btwn RITA AV
CA33070041720150044036000,2015,00000453  CHERRY VISTA DR ,CA,PERR,92571,,RRU,321,453,,CHERRY VISTA,DR,,,1410 BLK ARROW CREEK DR 1400
CA54040020620160000453000,2016,1070 E Bardsley AVE ,CA,Tulare,93274,,ST1,611,1070,E,Bardsley,AVE,,AMPM,
CA15010030120151507095000,2015,3607  REDLANDS DR ,CA,BAKERSFIELD,93306,,K42,321,3607,,REDLANDS,DR,,,
CA38005100220140003200000,2014,1504  GOLDEN GATE AVE ,CA,San Francisco,94115,,,311,1504,,GOLDEN GATE,AVE,,,
CA33090052720150060162000,2015,00020095  SOUDER ST ,CA,MEAD,92570,,RRU,321,20095,,SOUDER,ST,,,19555 BLK BARTON ST 19600 BLK
CA54010033020160001120000,2016,511 N K ST ,CA,Dinuba,93618,,S31,321,511,N,K,ST,,,
CA19105120820140000829000,2014,00401 N EL MEDIO AV ,CA,PACIFIC PALISADES,90272,,69,740,401,N,EL MEDIO,AV,,,EL MEDIO                    AV
CA19040122920140035677000,2014,123 E ARTESIA BLVD ,CA,COMPTON,90220,,,700,123,E,ARTESIA,BLVD,,,
CA37070031820140002872000,2014,511 E GRAND AVE ,CA,Escondido,92025,,1,622,511,E,GRAND,AVE,,332,
CA33040072220141407934000,2014,404 S ALESSANDRO ST ,CA,HEMET,92543,,1,321,404,S,ALESSANDRO,ST,,,404 S ALESSANDRO ST
CA19100072220161633532000,2016,200 E ANAHEIM ST ,CA,Long Beach,90813,,3,321,200,E,ANAHEIM,ST,,710,
CA07090012020099004436000,2009,6688   Alhambra AVE  ,CA,Martinez,0, , ,443,6688, ,Alhambra,AVE, , ,6688 Alhambra Ave
CA19105051120100000770000,2010,    10324 S VERMONT AV X W 104TH S    ,CA,LOS ANGELES,90044, ,64,150, , ,10324 S VERMONT AV X W 104TH S, , , ,10324 S VERMONT AV X W 104TH S
CA34090060520150079707000,2015,6887  Crosswoods  ,CA,Citrus Heights,95610,,23,321,6887,,Crosswoods,,,202,
CA19025020820160000763000,2016,428 N BEVERLY DR ,CA,BEVERLY HILLS,90210,,,320,428,N,BEVERLY,DR,,,
CA42040071020150005087000,2015,2122  AVENIDA REDONDO  ,CA,Santa Maria,93458,,ST1,554,2122,,AVENIDA REDONDO,,,,
CA19110010320150002908000,2015,27948 N GIBSON  ,CA,SANTA CLARITA,0,0,111,441,27948,N,GIBSON,,,,btwn PARAGON DR
CA34090102020140142626000,2014,2929  Routier RD ,CA,Rancho Cordova,95670,,61,321,2929,,Routier,RD,,265,
CA30065041620140032817000,2014,6640  BEACH  ,CA,BUENA PARK,0,0,FS6,321,6640,,BEACH,,,, BPK PD JAILTH
CA34090031320160037685000,2016,10833  Folsom  ,CA,Rancho Cordova,95670,,61,321,10833,,Folsom,,,414,
CA37140030920150027803000,2015,2055  Westinghouse ST ,CA,SAN DIEGO,92111,,23,321,2055,,Westinghouse,ST,,APT 39,2055 Westinghouse St
CA01065060120161605434000,2016,544  JACKSON  ,CA,LIVERMORE,94550,,S06,321,544,,JACKSON,,,,
CA15010101920141435136000,2014,118  BROWNING RD ,CA,MCFARLAND,93250,,K37,321,118,,BROWNING,RD,,,
CA38005092820160100234000,2016,375  LAGUNA HONDA BL  ,CA,San Francisco,94116,,,711,375,,LAGUNA HONDA BL,,,,
CA31125093020150023384000,2015,00000230  DOOLITTLE DR ,CA,PCF100,95747,,NEU,700,230,,DOOLITTLE,DR,,,110 BLK HAP ARNOLD LOOP DEAD
CA15010080720151528514000,2015,337  ROBERTS LN ,CA,KERN COUNTY,93308,,K64,311,337,,ROBERTS,LN,,9,
CA33075020120070702372000,2007,1299   Columbia Ave  ,CA,Riverside,92507, ,6,131,1299, ,Columbia,Ave, , ,1200 NORTHGATE & 1200 IOWA AV
CA19050122920150005604000,2015,6167  BRISTOL PKY ,CA,CULVER CITY,90230,,,321,6167,,BRISTOL,PKY,,100,
CA37145011620150000373000,2015,650 S Rancho Santa Fe RD ,CA,San Marcos,92078,,2,321,650,S,Rancho Santa Fe,RD,,89,650 S Rancho Santa Fe Rd
CA45086110320160011171000,2016,00021793  LOS ALTOS DR ,CA,PALOCEDRO,96073,,SHU,311,21793,,LOS ALTOS,DR,,,21015 BLK UNFORGETTABLE AV 73
CA19110030320140055281000,2014,5529 S ROSEMEAD  ,CA,PICO RIVERA,0,0,40,321,5529,S,ROSEMEAD,,,,btwn REICHLING LN
CA19100071120161631714000,2016,2501  MAGNOLIA AV  ,CA,Long Beach,90806,,7,321,2501,,MAGNOLIA AV,,,,
CA01075080220140051339000,2014,122  ELDRIDGE AVE ,CA,OAKLAND,94605,,ST2,321,122,,ELDRIDGE,AVE,,,122 ELDRIDGE AV
CA34090101920150150571000,2015,  El Camino  ,CA,Sacramento,95825,,106,700,,,El Camino,,,,Watt AV
CA56010122920150018081000,2015,1915  SAN GORGONIO AVE ,CA,OXNARD,93030,,S5,321,1915,,SAN GORGONIO,AVE,,1,N DRISKILL ST CORDOVA ST
CA41050112220140007289000,2014,795  WILLOW RD ,CA,Menlo Park,94025,,77,611,795,,WILLOW,RD,,,
CA19105102420090000321000,2009,03901 S CRENSHAW BL  ,CA,BALDWIN HILLS,90008, ,94,445,3901,S,CRENSHAW,BL, , ,CRENSHAW                    BL
CA37170082620150008418000,2015,1234 N Santa Fe AVE ,CA,VISTA,92083,,VT6,321,1234,N,Santa Fe,AVE,,,1234 N Santa Fe Av
CA19110091920160272869000,2016,27734  SAND CANYON  ,CA,SANTA CLARITA,0,0,123,611,27734,,SAND CANYON,,,,btwn LIVE OAK SPRINGS CANYON R
CA30065080120140066900000,2014,25292  MCINTYRE  ,CA,LAGUNA HILLS,0,0,99,321,25292,,MCINTYRE,,,K,NEAR LA PAZ RD E
CA37140040520140035047000,2014,500  L ST ,CA,SAN DIEGO,92101,,4,611,500,,L,ST,,,500 L St
CA01040010320141400089000,2014,5251  COCO PALM DR ,CA,FREMONT,94538,,S01,321,5251,,COCO PALM,DR,,,
CA15010072420141424460000,2014,1124  BLOSSOM ST ,CA,KERN COUNTY,93306,,K42,321,1124,,BLOSSOM,ST,,,
CA37140010920150003423000,2015,10709  Wallingford RD ,CA,SAN DIEGO,92126,,38,321,10709,,Wallingford,RD,,,10709 Wallingford Rd
CA31085101720161612435000,2016,3121  GRASMERE CIR ,CA,ROSEVILLE,95661,,6,321,3121,,GRASMERE,CIR,,,
CA41065012320160000176000,2016,1450  TERRA NOVA BLVD ,CA,PACIFICA,94044,,72,321,1450,,TERRA NOVA,BLVD,,,
CA49050053020110000290000,2011,    Sugarloaf LA  ,CA,Forestville,95436, ,51,170, , ,Sugarloaf,LA, , ,Orchard LA
CA19105030920140000121000,2014,  125 E VERNON AV X S WOODLAWN A  ,CA,LOS ANGELES,90011,,46,131,,,125 E VERNON AV X S WOODLAWN A,,,,125 E VERNON AV X S WOODLAWN A
CA04035032320140004114000,2014,00002327  LUDLUM AVE ,CA,PALERMO,95968,,BTU,321,2327,,LUDLUM,AVE,,,7700 BLK MELVINA AVE 7799 BLK
CA21100072220100000718000,2010,1701/188   Tiburon BL  ,CA,Tiburon,94920, ,11,142,1701/188, ,Tiburon,BL, , ,
CA34080022220140011181000,2014,618  PLAZA AVE ,CA,Sacramento,95815,,,554,618,,PLAZA,AVE,,11,
CA04035070620160009971000,2016,00006247  HARTNELL CT ,CA,MGLA,95954,,BTU,311,6247,,HARTNELL,CT,,,DEADEND 14031 BLK CRESTON RD
CA30020041520141403292000,2014,1888  PLACENTIA AVE ,CA,Costa Mesa,92627,,S3,321,1888,,PLACENTIA,AVE,,,POWERS LIQUOR
CA36107063020160009097000,2016,00007367  CENTRAL  ,CA,HIGHLANDCITY,92346,,BDU,300,7367,,CENTRAL,,,,26898 BLK BASELINE ST 26899 B
CA37140091620140099857000,2014,1132  Prospect ST ,CA,SAN DIEGO,92037,,13,611,1132,,Prospect,ST,,,1132 Prospect St
CA43070052220151429057000,2015,1390 S 1ST ST ,CA,SAN JOSE,95112,,3,321,1390,S,1ST,ST,,,
CA37165111320140023616000,2014,3230  Acacia  ,CA,LEMONGROVE,91945,,MVU,611,3230,,Acacia,,,,GOLDEN AV Dead End
CA19110031620140066915000,2014,9639  TELSTAR  ,CA,EL MONTE,0,0,42,712,9639,,TELSTAR,,,,btwn FLETCHER AV
CA10090012320100000168000,2010,2664   Jensen AVE  ,CA,SANGER,93657, , ,151,2664, ,Jensen,AVE, , ,
CA01075072520140049424000,2014,3838  MAYBELLE AVE ,CA,OAKLAND,94612,,ST1,700,3838,,MAYBELLE,AVE,,,3838 MAYBELLE AV
CA34080011920160004306000,2016,1325  39TH ST ,CA,Sacramento,95816,,,554,1325,,39TH,ST,,,
CA33090061520150067622000,2015,00013381  MAGNOLIA  ,CA,HOMG,92879,,RRU,321,13381,,MAGNOLIA,,,92,CORONA PALMS MHP ACCESS 3800
CA19110121820100285412000,2010,  E COLORADO    ,CA,PASADENA CNTY,0,0,5,463, ,E,COLORADO, , , ,NROSEMEADBLVDD
CA51040042020160002800000,2016,922 S BARRETT RD ,CA,YUBA CITY,95991,,3,321,922,S,BARRETT,RD,,,
CA54035040120092090980000,2009,732 N Carmelita ST  ,CA,Porterville,93257, ,1,111,732,N,Carmelita,ST, , ,
CA33105050120160053156000,2016,00043720  ELKHORN TRL ,CA,PDES,0,,RRU,321,43720,,ELKHORN,TRL,,,43600 BLK LOUISIANA ST 77349
CA33075120420160033932000,2016,2795  PLEASANT  ,CA,RIVERSIDE,92501,,1,321,2795,,PLEASANT,,,,
CA27080030920160000571000,2016,1740  NAPA ST ,CA,SEASIDE,93955,,1,321,1740,,NAPA,ST,,,
CA04010041220160003357000,2016,611  COUNTRY DR ,CA,Chico,95928,,44,745,611,,COUNTRY,DR,,,FAIR ST
CA34090060220140073366000,2014,9341  Heathfield WY ,CA,Florin,95828,,50,321,9341,,Heathfield,WY,,,
CA19110061120160168172000,2016,16720 S LAKEWOOD  ,CA,BELLFLOWER,0,0,23,321,16720,S,LAKEWOOD,,,,FLOWERST
CA07090090520099059195000,2009,    Sr 4   E,CA,Pittsburg,PIT, , ,400, , ,Sr 4, ,E, ,Loveridge
CA39065012220166002254000,2016,2035  MARSH ST ,CA,STOCKTON,95202,,C12,311,2035,,MARSH,ST,,,
CA52030072620150006283000,2015,00024850  5TH  ,CA,Los Molinos,96055,,TGU,320,24850,,5TH,,,42,DEADEND 9561 BLK HWY 99 E
CA30005011220141401079000,2014,105 S STATE COLLEGE BLVD ,CA,Anaheim,92805,,1,550,105,S,STATE COLLEGE,BLVD,,,
CA19200071320140007000000,2014,921  SARTORI AVE ,CA,TORRANCE,90501,,ST1,321,921,,SARTORI,AVE,,APT 8,
CA55020010220140000006000,2014,210  Stockton RD ,CA,Sonora,95370,,75,311,210,,Stockton,RD,,,Bradford St
CA16010042120160001794000,2016, N GLACIER WAY ,CA,HANFORD,93230,,ST1,324,,N,GLACIER,WAY,,,Fargo
CA19110061120150159748000,2015,1740 S SAN DIMAS  ,CA,SAN DIMAS,0,0,141,321,1740,S,SAN DIMAS,,,B,btwn AVENIDA DOMINGO
CA36015060920141404589000,2014,  Powhatan RD ,CA,Apple Valley,92308,,331,311,,,Powhatan,RD,,,Navajo
CA40035081820140007381000,2014,00001200  LOS OLIVOS AVE ,CA,LOS OSOS,93402,,SLU,553,1200,,LOS OLIVOS,AVE,,,FAIRCHILD WAY
CA19105102120140000072000,2014,02864 W SUNSET PL ,CA,LOS ANGELES,90057,,11,745,2864,W,SUNSET,PL,,,SUNSET                      PL
CA43070022320150549168000,2015,5691  TONOPAH DR ,CA,SAN JOSE,95119,,35,321,5691,,TONOPAH,DR,,,
CA37140072720140078888000,2014,  09th AV ,CA,SAN DIEGO,92101,,1,321,,,09th,AV,,,C
CA19110122220150358256000,2015,8522  COMPTON  ,CA,FLORENCE CNTY,0,0,16,321,8522,,COMPTON,,,,btwn E 85TH ST
CA30065032020150028487000,2015,21732  HERENCIA  ,CA,MISSION VIEJO,0,0,FS3,554,21732,,HERENCIA,,,,
CA19155100520120004444000,2012,515  BLOSSOM LN ,CA,Redondo Beach,90278,,2,444,515,,BLOSSOM,LN,,,
CA19110012920140026302000,2014,18701  FLYING TIGER  ,CA,SANTA CLARITA,0,0,107,321,18701,,FLYING TIGER,,,412,btwn DEAD END
CA09050090220140022242000,2014,00003371  LA CANADA DR ,CA,CAMERONPARK,95682,,AEU,321,3371,,LA CANADA,DR,,,3389 BLK CIMMARRON RD 2750 BL
CA37084050520140043860000,2014,833  Broadway  ,CA,EL CAJON,92021,,8,321,833,,Broadway,,,,
CA33075083020160024235000,2016,  VAN BUREN BLVD ,CA,RIVERSIDE,92501,,7,611,,,VAN BUREN,BLVD,,,JACKSON ST
CA33034121220160149693000,2016,00007100  SCHOLAR  ,CA,EVAL,92880,,RRU,300,7100,,SCHOLAR,,,,
CA15010100620141433514000,2014,4508  EARL AV ,CA,KERN COUNTY,93306,,K42,311,4508,,EARL,AV,,,
CA40080062720140005681000,2014,00006225  VISTA SERRANO WAY ,CA,Paso,93446,,SLU,300,6225,,VISTA SERRANO,WAY,,,2599 BLK BELLA TIERRA PL DEAD
CA41045020620140000697000,2014,00000280  CAPISTRANO RD ,CA,HALFMOONBAYUNIN,94019,,CZU,321,280,,CAPISTRANO,RD,,,10151 BLK HWY 1 PILLAR POINT
CA06005042020150040057000,2015,51  FIFTH ST E,CA,Arbuckle,95912,,51,321,51,,FIFTH,ST,E,,
CA28010121020070006434000,2007,    STHY 29    ,CA,NAPA,94558, ,D,463, , ,STHY 29, , , ,
CA19105012220140000638000,2014,00712 E 73RD ST ,CA,LOS ANGELES,90001,,33,622,712,E,73RD,ST,,,73RD                        ST
CA19110010820140007189000,2014, E WHITTIER  ,CA,WHITTIER,0,0,28,321,,E,WHITTIER,,,,CALMADAAV
CA38005010420080001351000,2008,81   CERVANTES BLVD  ,CA,SF,94123, ,16,400,81, ,CERVANTES,BLVD, , ,
CA10005112920155067150000,2015,1595  Shaw AVE ,CA,Clovis,93611,,ST,715,1595,,Shaw,AVE,,,1595 Shaw Ave
CA19180110720151514913000,2015,1260  15TH ST ,CA,SANTA MONICA,90404,,,321,1260,,15TH,ST,,,
CA43080022620140570047000,2014,  FY 85  ,CA,CUPERTINO,95014,,MV,622,,,FY 85,,,,S DE ANZA BL
CA19110102920160314059000,2016,  SAN JOSE  ,CA,PARAMOUNT,0,0,31,611,,,SAN JOSE,,,,ESOMERSETBLVDD
CA19110092020130230080000,2013,38512  87TH  E,CA,LITTLEROCK CNTY,0,0,93,444,38512,,87TH,,E,,btwn E PALMDALE BLVD
CA56020120520140036008000,2014,165 N 5TH St ,CA,Port Hueneme,93041,,,321,165,N,5TH,St,,APT 105,HARBOR VILLAGE APTS53205165
CA19110100720160291645000,2016,215 W PEARL  ,CA,POMONA,0,0,182,611,215,W,PEARL,,,,btwn N MAIN ST
CA37140120620160151412000,2016,4808  Guymon ST ,CA,SAN DIEGO,92102,,12,321,4808,,Guymon,ST,,,4808 Guymon St
CA37140081420160100897000,2016,2294  Camto Castillo  ,CA,SAN DIEGO,92037,,16,300,2294,,Camto Castillo,,,,2294 Camto Castillo
CA07060072120155058865000,2015,  Moraga WAY ,CA,Orinda,ORI,,S44,322,,,Moraga,WAY,,,Glorietta
CA45015010320160000090000,2016,  6340 Noosha  ,CA,Anderson,96007,,,531,,,6340 Noosha,,,,
CA12045081520110002104000,2011,3300   BROADWAY ST  ,CA,EUREKA,95501, ,3,561,3300, ,BROADWAY,ST, , ,
CA36180030220141427538000,2014, W Redlands Blvd Texas ST ,CA,REDLANDS,92373,,,311,,W,Redlands Blvd Texas,ST,,,
CA34080073020160051088000,2016,0  FOLSOM BLVD ,CA,Sacramento,95826,,,322,0,,FOLSOM,BLVD,,,WISSEMANN
CA10005120920166071425000,2016,1828  Santa Ana AVE ,CA,Clovis,93611,,ST,321,1828,,Santa Ana,AVE,,,1828 Santa Ana Ave
CA30065022620160022113000,2016,6  ALTA HILLS  ,CA,LAGUNA NIGUEL,0,0,FS4,321,6,,ALTA HILLS,,,,
CA15555043020161615486000,2016,14900  CALIENTE CT ,CA,CALIENTE,93518,,K78,561,14900,,CALIENTE,CT,,,
CA34080110820160075061000,2016,5820  STOCKTON BLVD ,CA,Sacramento,95824,,,321,5820,,STOCKTON,BLVD,,1,
CA39050070720160003444000,2016,2350  PEPPER TREE LN ,CA,Manteca,95336,,4,554,2350,,PEPPER TREE,LN,,,
CA52030072920150006383000,2015,00016745  RANCHO TEHAMA RD ,CA,RTR,96021,,TGU,550,16745,,RANCHO TEHAMA,RD,,,16550 BLK ELDER CREEK CIR 756
CA33075041120160010186000,2016,4152  MARIPOSA AVE ,CA,RIVERSIDE,92503,,8,321,4152,,MARIPOSA,AVE,,,
CA41070020320161600875000,2016,1230  HOPKINS  ,CA,REDWOOD CITY,94062,,10,321,1230,,HOPKINS,,,,
CA54045111220070009508000,2007,9500 W Airport DR  ,CA,VISALIA,93277, ,S53,462,9500,W,Airport,DR, , ,
CA42035053020150006628000,2015,3992  RIGEL AVE ,CA,LOMPOC,93436,,51,321,3992,,RIGEL,AVE,,,
CA37140071520120069221000,2012,610 W Laurel ST ,CA,SAN DIEGO,92101,,3,154,610,W,Laurel,ST,,,610 W Laurel St
CA34080112620130067755000,2013,3301  ARENA BLVD ,CA,Sacramento,95835,,,443,3301,,ARENA,BLVD,,,
CA43010080320151503128000,2015,5925  MONTEREY RD ,CA,GILROY,95020,,CHT,551,5925,,MONTEREY,RD,,,
CA19110102920160314233000,2016,14721 E NELSON  ,CA,LA PUENTE,0,0,26,611,14721,E,NELSON,,,1202,btwn N SUNSET AV
CA37140092820140104521000,2014,3829  Gatty ST ,CA,SAN DIEGO,92154,,6,321,3829,,Gatty,ST,,,3829 Gatty St
CA19110102020150294995000,2015,4380 W 136TH  ,CA,HAWTHORNE,0,0,161,321,4380,W,136TH,,,,btwn WASHINGTON AV
CA37140031420150029811000,2015,2087  Grove AVE ,CA,SAN DIEGO,92154,,30,321,2087,,Grove,AVE,,,2087 Grove Av
CA54050070220140005960000,2014,30791  ROBINSON RD ,CA,GoshenGoshen Junct,93227,,7,311,30791,,ROBINSON,RD,,,
CA19100012420161603778000,2016,660 W PACIFIC COAST HY  ,CA,Long Beach,90813,,3,321,660,W,PACIFIC COAST HY,,,,
CA41090080120080804924000,2008,331   28TH AV  ,CA,SAN MATEO,94403, ,23,444,331, ,28TH,AV, , ,
CA48025123120162310129000,2016,  Interstate 80  ,CA,FAIRFLD,94534,,35,322,,,Interstate 80,,,,Interstate 680
CA19030051320160032342000,2016, W ALAMEDA AVE ,CA,BURBANK,91506,,15,131,,W,ALAMEDA,AVE,,,
CA04035122520030015082000,2003,1901   Dayton RD  ,CA,Chico,95926, ,44,321,1901, ,Dayton,RD, ,7,
CA01015122820150014501000,2015,  GILMAN ST  ,CA,Berkeley,94704,,E4,321,,,GILMAN ST,,,,EASTSHORE HWY
CA33090102520140112495000,2014,00026734  PEACH ST ,CA,LELS,92570,,RRU,600,26734,,PEACH,ST,,,20799 BLK FIG ST PRICE WY
CA24025092620140031033000,2014,1401 S 10TH ST ,CA,LOS BANOS,93635,,2,611,1401,S,10TH,ST,,,
CA37010033020140030739000,2014,6658  San Miguel RD ,CA,BONITA,91902,,,321,6658,,San Miguel,RD,,,
CA55555081120110006958000,2011,    porto fino    ,CA,TUOLUMNE,95379, ,TCU,561, , ,porto fino, , , ,
CA34080112120140069570000,2014,2444  38TH AVE ,CA,Sacramento,95822,,,554,2444,,38TH,AVE,,,
CA10032090720080010078000,2008,00000652   FOURTH ST  ,CA,MENDOTA_CITY,93640, ,FKU,143,652, ,FOURTH,ST, , ,630 BLK FOURTH CT
CA01015100320160011244000,2016,  CIVIC CENTER PARK  ,CA,Berkeley,94704,,T2,321,,,CIVIC CENTER PARK,,,,
CA34080121520140074583000,2014,1689  ARDEN WAY ,CA,Sacramento,95815,,,500,1689,,ARDEN,WAY,,,
CA30065022120140015746000,2014,  NB I405 FYVALLEY VIEW ST  ,CA,WESTMINSTER,0,0,FS6,611,,,NB I405 FYVALLEY VIEW ST,,,,
CA33052010220150000529000,2015,00044950  VISTA DUNES LN ,CA,LAQ,92253,,RRU,321,44950,,VISTA DUNES,LN,,,DEADEND 78898 BLK MILES AV
CA19100010520161600668000,2016, E WILLOW ST ,CA,Long Beach,90806,,7,321,,E,WILLOW,ST,,,PINE AV
CA37139012120110000799000,2011,00017595   LYONS VALLEY RD  ,CA,LAWSON_VALLEY,91935, ,MVU,100,17595, ,LYONS VALLEY,RD, , ,PRIVATE RD
CA19145020220160007968000,2016,601 E DEL MAR BL  ,CA,PASADENA,91101,,34,321,601,E,DEL MAR BL,,,207,
CA44065111620161626590000,2016,1052  30TH AVE ,CA,Santa Cruz,95062,,CF1,611,1052,,30TH,AVE,,,
CA10030042920166023478000,2016,  Hwy180 On Ramp Wb  ,CA,Fresno,93702,,S01,131,,,Hwy180 On Ramp Wb,,,Wb,Hwy168 Wb
CA19055041020160011407000,2016,10216  BRANSCOMB ST ,CA,DOWNEY,90242,,,321,10216,,BRANSCOMB,ST,,,
CA49110062720140000896000,2014,848  Chardonnay CIR ,CA,Petaluma,94952,,3,321,848,,Chardonnay,CIR,,,
CA15010021220161605469000,2016,1124  6TH ST ,CA,TAFT,93268,,K21,661,1124,,6TH,ST,,,
CA34090062120140083078000,2014,8851  Elm AV ,CA,Orangevale,95662,,29,321,8851,,Elm,AV,,,
CA2704501102009009-019000,2009,912   Walnut AVE  ,CA,Greenfield,93927, , ,561,912, ,Walnut,AVE, , ,
CA19105102620080001119000,2008,09800 N SEPULVEDA BL  ,CA,MISSION HILLS,91343, ,7,113,9800,N,SEPULVEDA,BL, , ,SEPULVEDA                   BL
CA28025042520160003290000,2016,00006468  WASHINGTON ST ,CA,YOUNTVILLE,94599,,LNU,300,6468,,WASHINGTON,ST,,,CALIFORNIA DR 1 BLK MISSION S
CA50040012820060001540000,2006,2704   WHITMORE AVE E,CA,CERES,95307, ,OTH,111,2704, ,WHITMORE,AVE,E, ,
CA30065060620150056178000,2015,25885  TRABUCO  ,CA,LAKE FOREST CITY,0,0,FS1,321,25885,,TRABUCO,,,113,
CA33080111620090101115000,2009,5776   42 nd St    ,CA,BELL,92509, ,RRU,130,5776, ,42 nd St, , , ,DEAD-END
CA37070052420160006064000,2016,649 W MISSION AVE ,CA,Escondido,92025,,6,321,649,W,MISSION,AVE,,,
CA19110090120140223282000,2014,2147 E 119TH  ,CA,WILLOWBROOK CNTY,0,0,41,554,2147,E,119TH,,,FRONT,btwn S WILLOWBROOK AV
CA41095040820141401629000,2014,201  CAMARITAS AVE ,CA,SOUTH SAN FRANCISCO,94080,,63,321,201,,CAMARITAS,AVE,,,201 CAMARITAS AV
CA30065082220150084043000,2015,511 S MARINE  ,CA,SANTA ANA,0,0,FS7,321,511,S,MARINE,,,,
CA42035112120150014582000,2015,0  SB GAVIOTA REST STOP  ,CA,Goleta,93117,,18,324,0,,SB GAVIOTA REST STOP,,,,
CA01015042120160004722000,2016,2022  FRANCISCO ST  ,CA,Berkeley,94704,,E2,321,2022,,FRANCISCO ST,,,102,
CA49145091620140019663000,2014,2951  TACHEVAH DR ,CA,SANTA ROSA,95405,,4,321,2951,,TACHEVAH,DR,,25,
CA37084020520140012428000,2014,260 E Bradley AV ,CA,El Cajon,92021,,9,321,260,E,Bradley,AV,,54,
CA36180091620155143042000,2015,1301  CALIFORNIA ST ,CA,REDLANDS,92374,,,321,1301,,CALIFORNIA,ST,,,
CA28010081420150005627000,2015,534  COOMBS ST ,CA,NAPA,94558,,1,743,534,,COOMBS,ST,,,
CA34020012720150001256000,2015,009461  Batey  ,CA,Elk Grove,95624,,73,321,9461,,Batey,,,42C,
CA43070052020161419199000,2016,6099  WINFIELD  ,CA,SAN JOSE,95123,,12,321,6099,,WINFIELD,,,,
CA15010012920060602746000,2006,3030   16TH ST  ,CA,BAKERSFIELD,93301, ,K66,111,3030, ,16TH,ST, , ,
CA19065121320160002496000,2016,323  Main ST ,CA,El Segundo,90245,,ST1,411,323,,Main,ST,,,
CA41080083020141402480000,2014,2961  OAKMONT DR ,CA,SAN BRUNO,94066,,52,321,2961,,OAKMONT,DR,,,
CA31555052120160011699000,2016,00000061  EDELWEISS LN ,CA,PLACERHILLSFPD,95703,,NEU,140,61,,EDELWEISS,LN,,,19040 BLK CODY LN DEADEND
CA04035052720160007697000,2016,00001188  BALD ROCK RD ,CA,BERRYCRK,95916,,BTU,320,1188,,BALD ROCK,RD,,,1 BLK ARKIE CT 1 BLK GAMBLE R
CA36010102620166188803000,2016,9625  Milliken AVE ,CA,RANCHO CUCAMONGA,91730,,174,553,9625,,Milliken,AVE,,124,
CA19105073020160000227000,2016,03123 N DONA SOFIA DR ,CA,NORTH HOLLYWOOD,91604,,97,154,3123,N,DONA SOFIA,DR,,,DONA SOFIA                  DR
CA27055060120150000771000,2015,211  HAYES CIR ,CA,Marina,93933,,1,321,211,,HAYES,CIR,,,3rd Avenue
CA38005103120120101414000,2012,110  LANDERS ST ,CA,SF,94114,,6,131,110,,LANDERS,ST,,,15TH
CA43080090520162490016000,2016,19135  MONTE VISTA DR ,CA,MONTE SERENO,95030,,QU,321,19135,,MONTE VISTA,DR,,,
CA19055042820150011853000,2015,7230  FIRESTONE BLVD ,CA,DOWNEY,90241,,,321,7230,,FIRESTONE,BLVD,,,
CA19180031320161603352000,2016,1538  STANFORD ST ,CA,SANTA MONICA,90404,,,321,1538,,STANFORD,ST,,,
CA43105071120022003958000,2002,1220   VIENNA DR  ,CA,SUNNYVALE,94089, ,ST6,321,1220, ,VIENNA,DR, ,564,
CA41070111620161608846000,2016,1158  VIRGINIA  ,CA,REDWOOD CITY,94061,,10,321,1158,,VIRGINIA,,,,
CA21100121520160001626000,2016,3  WEATHERLY DR ,CA,Mill Valley,94941,,10,311,3,,WEATHERLY,DR,,,
CA19055032420150008342000,2015,12813  BLODGETT  ,CA,DOWNEY,90242,,,321,12813,,BLODGETT,,,,
CA38005021320140014984000,2014,750  THE EMBARCADERO NO  ,CA,SF,94109,,13,651,750,,THE EMBARCADERO NO,,,,
CA19110051120160136084000,2016,4620  CESAR E CHAVEZ  ,CA,EAST LOS ANGELES,0,0,1,321,4620,,CESAR E CHAVEZ,,,,btwn N MCDONNELL AV
CA39065061320166018178000,2016,545 W SONORA ST ,CA,STOCKTON,95202,,C02,311,545,W,SONORA,ST,,,
CA19110012720050020637000,2005,11270   FIRESTONE    ,CA,NORWALK,0,0,20,131,11270, ,FIRESTONE, , ,4,btwn RAILROAD
CA57075032320080001090000,2008,124   WALNUT ST  ,CA,WOODLAND,95695, ,STA,113,124, ,WALNUT,ST, , ,124 WALNUT ST
CA12140071720150005180000,2015,791  School RD ,CA,McKinleyville,95519,,MCK,321,791,,School,RD,,,
CA19110103020160315773000,2016,126  FWY5  ,CA,SANTA CLARITA,0,0,76,611,126,,FWY5,,,,
CA30030030820151502721000,2015,130 E CHAPMAN AVE ,CA,Fullerton,92832,,1,600,130,E,CHAPMAN,AVE,,,
CA43010013120141400322000,2014,460  WELBURN AV ,CA,GILROY,95020,,SNR,321,460,,WELBURN,AV,,,
CA57035021520161602857000,2016,100  Broadview Lane  ,CA,Winters,95694,,30,611,100,,Broadview Lane,,,,
CA24035041320070004312000,2007,    River RD  ,CA,STEVENSON,95374, ,MMU,143, , ,River,RD, , ,River Rd. X McCullagh
CA19105092220140001294000,2014,01101 S NORTON AV ,CA,LOS ANGELES,90019,,29,735,1101,S,NORTON,AV,,,NORTON                      AV
CA19110031320110058397000,2011,241 S CHINCHILLA    ,CA,LA HABRA,0,0,191,113,241,S,CHINCHILLA, , , ,btwn W 1ST AV
CA42040082020150006177000,2015,843 W CHURCH  ,CA,Santa Maria,93454,,ST1,551,843,W,CHURCH,,,,
CA19075031220141403642000,2014,311 W LOS FELIZ RD ,CA,GLENDALE,91204,251,Gle,300,311,W,LOS FELIZ,RD,,,VONS MARKETGLN btwn S CEN
CA31125042020150009329000,2015,00011600  EDUCATION ST ,CA,PCFD,95603,,NEU,321,11600,,EDUCATION,ST,,,DEADEND 3299 BLK BLUE OAKS D
CA19105121920140001066000,2014,18810 W VANOWEN ST ,CA,RESEDA,91335,,73,611,18810,W,VANOWEN,ST,,,VANOWEN                     ST
CA36180072720166124564000,2016,1562  Barton RD ,CA,REDLANDS,92373,,264,520,1562,,Barton,RD,,,
CA19030091820160062863000,2016,3422  BRACE CANYON RD ,CA,BURBANK,91504,,16,611,3422,,BRACE CANYON,RD,,,
CA50040010820150000564000,2015,918  SIERRA DR ,CA,MODESTO,95351,,2,311,918,,SIERRA,DR,,,
CA56015012920150006960000,2015,145 N Fourth ST ,CA,Santa Paula,93060,,81,321,145,N,Fourth,ST,,,
CA37070080320160009035000,2016,2451  EUCALYPTUS AVE ,CA,Escondido,92029,,5,321,2451,,EUCALYPTUS,AVE,,,
CA34090052620160077718000,2016,8256  Yardgate  ,CA,Sacramento,95842,,25,510,8256,,Yardgate,,,,
CA33075082320160023460000,2016,3131  ARLINGTON AVE ,CA,RIVERSIDE,92501,,3,321,3131,,ARLINGTON,AVE,,92,
CA19110081420150225380000,2015,5831  SAINT LAURENT  ,CA,AGOURA HILLS,0,0,89,445,5831,,SAINT LAURENT,,,,btwn RAINBOW HILL RD
CA33040012420161601104000,2016,550 N SANTA FE ST ,CA,HEMET,92543,,1,321,550,N,SANTA FE,ST,,,550 N SANTA FE ST17
CA38005052020140004554000,2014,146  LAKE ST ,CA,San Francisco,94118,,,700,146,,LAKE,ST,,,
CA33065052920080003173000,2008,401   RADIO RD  ,CA,Palm Springs,92262, ,DFM,410,401, ,RADIO,RD, ,1-A,
CA19110022020160053221000,2016,5522  SEASIDE HEIGHTS  ,CA,RANCHO PALOS VERDES,0,0,56,321,5522,,SEASIDE HEIGHTS,,,,btwn SCOTWOOD DR
CA34090032420140039522000,2014,7221  Calvin DR ,CA,Citrus Heights,95610,,27,321,7221,,Calvin,DR,,,
CA54010030520160000815000,2016,12439  Avenue 407  ,CA,Cutler,93615,,S31,321,12439,,Avenue 407,,,,
CA56020092120140027985000,2014,55  CALETA Dr ,CA,Camarillo,93012,,,321,55,,CALETA,Dr,,,RANCHO ADOLFO MOBILE HOME PARK
CA19110073020160220023000,2016,1109  CEDARVIEW  ,CA,CLAREMONT,0,0,102,321,1109,,CEDARVIEW,,,,btwn DEAD END
CA43010120520161604680000,2016,1950  HECKER PASS RD ,CA,GILROY,95020,,SNR,611,1950,,HECKER PASS,RD,,,
CA19110011520150014669000,2015,  SB 605 NO ALONDRA  ,CA,NORWALK,0,0,115,322,,,SB 605 NO ALONDRA,,,,
CA33075030220151505482000,2015,  Cypress  ,CA,Riverside,92504,,7,311,,,Cypress,,,,CHALLEN AV
CA10032031220150003961000,2015,00025325 W MCKAMEY ST ,CA,Tranquillity,93668,,FKU,300,25325,W,MCKAMEY,ST,,,6000 BLK S FAIRLESS AV 6000 B
CA30065041120150036492000,2015,3755  ALTON  ,CA,IRVINE,0,0,FS0,611,3755,,ALTON,,,,OLIVE GARDEN
CA37139080520150016938000,2015,00003205  MA LOU DR ,CA,JAMUL,91935,,MVU,321,3205,,MA LOU,DR,,,14430 BLK OLIVE VISTA DR 1440
CA19155110420150005553000,2015,561 N PACIFIC COAST HWY  ,CA,Redondo Beach,90277,,1,321,561,N,PACIFIC COAST HWY,,,,
CA33090101920140110237000,2014,00022500  MCPHERSON RD ,CA,LELS,92530,,RRU,321,22500,,MCPHERSON,RD,,,DEADEND EL FRESO RD
CA21055091720140003483000,2014,10  ROWE RANCH DR ,CA,NOV,94947,,4,321,10,,ROWE RANCH,DR,,,btwn JAMISON CTGANEY CT
CA37140090720160111749000,2016,4060  FAIRMOUNT AVE ,CA,SAN DIEGO,92105,,17,321,4060,,FAIRMOUNT,AVE,,3,4060 FAIRMOUNT AV
CA31085113020151515069000,2015,6869  COPPER GLEN CIR ,CA,ROSEVILLE,95678,,7,651,6869,,COPPER GLEN,CIR,,,
CA19105101020150001110000,2015,05623 W CARLTON  ,CA,LOS ANGELES,90028,,82,735,5623,W,CARLTON,,,,CARLTON                     WY
CA30005082620141422977000,2014,0  S STATE COLLEGE BL E LINCOLN  ,CA,Anaheim,92805,,1,611,0,,S STATE COLLEGE BL E LINCOLN,,,,
CA36010121120166219981000,2016,351 W Buffington ST ,CA,Upland,91784,,171,111,351,W,Buffington,ST,,,
CA21055122020020004586000,2002,184   Marin Valley DR  ,CA,Novato,94949, ,4,321,184, ,Marin Valley,DR, , ,
CA15010101720161639394000,2016,1600 E TRUXTUN  ,CA,BAKERSFIELD,93305,,K41,322,1600,E,TRUXTUN,,,,
CA36193011920151504437000,2015,16894  Olive ST ,CA,HESPERIA,92345,,302,321,16894,,Olive,ST,,,16894 Olive St
CA28010010620160000093000,2016,1924  YAJOME ST ,CA,NAPA,94558,,3,321,1924,,YAJOME,ST,,,
CA37140041920100035092000,2010,4733   West MTN  ,CA,SAN DIEGO,92116, ,18,400,4733, ,West,MTN, ,2,4733 West Mtn View Dr
CA49145101620130020281000,2013,2698 W STEELE LN ,CA,SANTA ROSA,95403,,3,141,2698,W,STEELE,LN,,,
CA12045070520070001665000,2007,1132   HENDERSON ST  ,CA,EUREKA,95501, ,4,561,1132, ,HENDERSON,ST, , ,
CA30020110120141409876000,2014,2283  FAIRVIEW RD ,CA,COSTA MESA,92627,,S5,550,2283,,FAIRVIEW,RD,,132,COSTA NEUPORTE
CA19180071320141408271000,2014,2033  EUCLID ST  ,CA,SANTA MONICA,90405,,,321,2033,,EUCLID ST,,,,
CA42040112320140008209000,2014,2430 N ACACIA  ,CA,Santa Maria,93458,,ST3,321,2430,N,ACACIA,,,,
CA31150111220160001951000,2016,8410  OAK KNOLL DR ,CA,Granite Bay,95746,,S17,321,8410,,OAK KNOLL,DR,,,
CA34090082420140115170000,2014,  Florin RD ,CA,Florin,95828,,53,611,,,Florin,RD,,,Stockton BL
CA20010011920120001094000,2012,00001600 N GATEWAY DR ,CA,MADERACITY,93637,,MMU,151,1600,N,GATEWAY,DR,,,FRESNO RIVER BRIDGE
CA19110090220140224809000,2014, S IDAHO  ,CA,LA HABRA,0,0,191,322,,S,IDAHO,,,,WLAMBERTRD
CA01015022120140002149000,2014,1531  UNIVERSITY AVE  ,CA,Berkeley,94703,,M2,321,1531,,UNIVERSITY AVE,,,202,
CA19110040220140082560000,2014,2792 N OLIVE  ,CA,ALTADENA,0,0,12,611,2792,N,OLIVE,,,,btwn W HARRIET ST
CA33090101320160124010000,2016,00026857  YALE ST ,CA,HEM,92544,,RRU,321,26857,,YALE,ST,,,40749 BLK SHELLIE LN 40749 BL
CA15010032420151510121000,2015,156  STONE  ,CA,Shafter,93263,,K32,321,156,,STONE,,,,
CA19040111920150033862000,2015,0 E COMPTON BLVD ,CA,COMPTON,90220,,,622,0,E,COMPTON,BLVD,,,
CA37130052620160012391000,2016,932  HWY 78  ,CA,RAMONA,92065,,MVU,321,932,,HWY 78,,,,CROSS OF RANCHO ALLEN LANE
CA34080111320160076290000,2016,0  DEL PASO RD ,CA,Sacramento,95835,,,600,0,,DEL PASO,RD,,,SORENTO
CA43080091020142530077000,2014,13732  SARATOGA VISTA AV ,CA,SARATOGA,95070,,SA,321,13732,,SARATOGA VISTA,AV,,,
CA30065112320150119529000,2015,23301  RIDGE ROUTE  ,CA,LAGUNA HILLS,0,0,FS2,321,23301,,RIDGE ROUTE,,,194,LAGUNA HILLS MOBILE ESTATES
CA28010083120160005875000,2016,1017  ROBINSON LN ,CA,Napa,94558,,1,321,1017,,ROBINSON,LN,,,
CA04035112820150017452000,2015,00001421  HWY 149  ,CA,NOROVILLE,95965,,BTU,631,1421,,HWY 149,,,,HWy 99
CA33065062420110604489000,2011,88   Lazy C Ranch RD  ,CA,PALM SPRINGS,92262, ,443,140,88, ,Lazy C Ranch,RD, , ,
CA29065012820150002355000,2015,12907  Lake Wildwood DR ,CA,Penn Valley,95946,,44,554,12907,,Lake Wildwood,DR,,,
CA34020100220060007599000,2006,    Big Horn BL  ,CA,Elk Grove,95758, ,74,131, , ,Big Horn,BL, , ,Frye Creek DR
CA19100090420161640951000,2016,621 E MARKET ST ,CA,Long Beach,90805,,11,154,621,E,MARKET,ST,,,
CA34080052220140029975000,2014,7431  SUN CASTLE LN ,CA,Sacramento,95823,,,321,7431,,SUN CASTLE,LN,,,
CA04035102920140015426000,2014,00009506  DILLON CT ,CA,DRHM,95938,,BTU,554,9506,,DILLON,CT,,,2599 BLK G WARREN DR DEADEN
CA33040021920151502179000,2015,461 E JOHNSTON AVE ,CA,HEMET,92543,,2,321,461,E,JOHNSTON,AVE,,38,461 E JOHNSTON AV
CA19110072620050159149000,2005,    FS106    ,CA,ROLLING HILLS ESTTS,0,0,106,142, , ,FS106, , , ,at 27413 INDIAN PEAK RD
CA19110101420160298799000,2016,  NEWHALL RANCH  ,CA,SANTA CLARITA,0,0,111,611,,,NEWHALL RANCH,,,,HILLSBOROUGHPKWYY
CA50040070520060010789000,2006,800   8TH ST  ,CA,MODESTO,95351, ,2,118,800, ,8TH,ST, , ,
CA19110082620150237344000,2015,  HAWTHORNE  ,CA,RANCHO PALOS VERDES,0,0,106,322,,,HAWTHORNE,,,,PALOS VERDESDRN
CA31044031020155005962000,2015,7630  Highlands View DR ,CA,Truckee,96160,,52,321,7630,,Highlands View,DR,,C110,
CA56020030720150007542000,2015,0 E COCHRAN  ,CA,Simi Valley,93063,,,321,0,E,COCHRAN,,,,PARKDALE
CA42040041820150002847000,2015,201 S MILLER  ,CA,Santa Maria,93454,,ST1,611,201,S,MILLER,,,,
CA04035093020150014398000,2015,00006230  PONDEROSA WAY ,CA,MGLA,95954,,BTU,321,6230,,PONDEROSA,WAY,,,13901 BLK CRESTON RD 13999 BL
CA34090101220140138859000,2014,  Connie DR ,CA,Sacramento,95821,,101,600,,,Connie,DR,,,Roseville RD
CA37140110820160139344000,2016,688  13th ST ,CA,SAN DIEGO,92101,,4,321,688,,13th,ST,,,688 13th St
CA56020073120160025462000,2016,505  WINDSWEPT  ,CA,Wood Ranch,93065,,,700,505,,WINDSWEPT,,,,
CA19110092120050202995000,2005,27907   TYLER LANE  ,CA,SANTA CLARITA,0,0,107,111,27907, ,TYLER,LANE, , ,btwn DEAD END
CA19110042820150117403000,2015,14026  PUTNAM  ,CA,WHITTIER,0,0,28,321,14026,,PUTNAM,,,,btwn JACMAR AV
CA06045060720140000246000,2014,  EWest ST ,CA,Williams,95987,,1,553,,,EWest,ST,,,
CA36140090120060602501000,2006,         ,CA,MONTCLAIR,91763, ,S15,131, , , , , , ,4200 block of Orchard St.
CA04035100120150014414000,2015,535  obrien AVE ,CA,GRDLY,95948,,BTU,170,535,,obrien,AVE,,,
CA19110070520160194162000,2016,  ELIZABETH  ,CA,SOUTH GATE,0,0,165,611,,,ELIZABETH,,,,EFIRESTONEBLVDD
CA30055021220141401140000,2014,1024  SANDPIPER DR ,CA,NEWPORT BEACH,92625,,5,321,1024,,SANDPIPER,DR,,,1024 SANDPIPER DR
CA19075010920161600495000,2016,633  ALEXANDER ST ,CA,GLENDALE,91203,,Gle,300,633,,ALEXANDER,ST,,5,btwn N KENILWORTH AV CHESTER
CA37140051020160058610000,2016,11486  Grassy Trail DR ,CA,SAN DIEGO,92127,,33,321,11486,,Grassy Trail,DR,,,11486 Grassy Trail Dr
CA56020070720160022498000,2016,325  CASEY  ,CA,Moorpark,93021,,,561,325,,CASEY,,,,
CA56020072220130020586000,2013,999  RANCHO CONEJO BL  ,CA,Thousand Oaks,91320,,,111,999,,RANCHO CONEJO BL,,,bldg 13,AMGEN BLDG 1335020999
CA37135021220140000308000,2014,17082  Thornmint CT ,CA,Rancho Santa Fe,92127,,RSF,321,17082,,Thornmint,CT,,,17075 Thornmint Ct
CA19110052920160154585000,2016,16149 E JANINE  ,CA,WHITTIER,0,0,59,321,16149,E,JANINE,,,,btwn S GROVEDALE DR
CA19110030720160070761000,2016,2036  PANDO  ,CA,HACIENDA HEIGHTS,0,0,43,321,2036,,PANDO,,,,btwn S ATLANTIDA DR
CA56020092120140028064000,2014,0 E BONITA Dr ,CA,Simi Valley,93065,,,321,0,E,BONITA,Dr,,,MADERA
CA19110020120160032112000,2016,5004  PEARBLOSSOM  ,CA,LITTLEROCK CNTY,0,0,93,321,5004,,PEARBLOSSOM,,,,btwn N 50TH ST E
CA33050052420150058942000,2015,00082313  EL PASEO  ,CA,INDO,92201,,RRU,700,82313,,EL PASEO,,,,43850 BLK YUCCA ST 43849 BLK
CA44095050520140002817000,2014,00000460  EUREKA CANYON RD ,CA,CORRALITOS,95076,,CZU,321,460,,EUREKA CANYON,RD,,,100 BLK GERONIMO WY 100 BLK L
CA12140042920140002511000,2014,8970  West End RD ,CA,Arcata,95521,,MR,321,8970,,West End,RD,,,
CA33105062620150072209000,2015,00044600  PORTOLA  ,CA,PDES,92260,,RRU,321,44600,,PORTOLA,,,,
CA56020062320090016125000,2009,0   Grant Park    ,CA,Ventura,93001, , ,142,0, ,Grant Park, , , ,
CA37170101220160010928000,2016,1000  Vale Terrace DR ,CA,VISTA,92084,,VT6,321,1000,,Vale Terrace,DR,,,1000 Vale Terrace Dr
CA38005111020100100778000,2010,    BAY ST  ,CA,SF,94133, ,28,131, , ,BAY,ST, , ,
CA36010122420144177031000,2014,6862  London AVE ,CA,RANCHO CUCAMONGA,91701,,172,321,6862,,London,AVE,,,
CA09012020720150003310000,2015,14  HUB ST ,CA,Pollock Pines,95726,,17,321,14,,HUB,ST,,,
CA41070101420161607907000,2016,1065  WASHINGTON ST ,CA,SAN CARLOS,94070,,13,730,1065,,WASHINGTON,ST,,,
CA34090102020160157644000,2016,4001  J ST ,CA,MATHER,95655,,4,321,4001,,J,ST,,,
CA30005020820161604271000,2016,2000 W GLENOAKS AVE ,CA,Anaheim,92801,,2,321,2000,W,GLENOAKS,AVE,,,
CA36170021820121202066000,2012,715 N CAMPUS AVE ,CA,ONTARIO,91786,,S13,444,715,N,CAMPUS,AVE,,,
CA19110071920140182093000,2014,28864 N STARTREE LANE ,CA,SANTA CLARITA,0,0,108,321,28864,N,STARTREE,LANE,,,btwn FIR CT
CA19075010120141400048000,2014,1125  VISCANO DR ,CA,GLENDALE,91207,,Gle,300,1125,,VISCANO,DR,,,btwn ETHEL ST E MOUNTAIN ST
CA42040101320150007710000,2015,320 N BROADWAY  ,CA,Santa Maria,93454,,ST5,321,320,N,BROADWAY,,,,
CA37165122820150029080000,2015,00001032  GRETA ST ,CA,SANMIGUEL,92021,,MVU,320,1032,,GRETA,ST,,,1630 BLK BUCKEYE DR 1669 BLK
CA19075010920141400509000,2014,608 E GARFIELD AVE ,CA,GLENDALE,91205,,Gle,300,608,E,GARFIELD,AVE,,C,btwn MARIPOSA ST S ADAMS ST
CA19110080420160225900000,2016,25407  PARKWOOD  ,CA,SANTA CLARITA,0,0,73,611,25407,,PARKWOOD,,,,btwn SUNDANCE CREEK DR
CA36015071520101004934000,2010,    Bullrush RD  ,CA,LUCERNE VALLEY,92356, ,331,142, , ,Bullrush,RD, , ,Banta
CA39105111720150001784000,2015,6461 E CHEROKEE RD ,CA,STOCKTON,95215,,ST1,321,6461,E,CHEROKEE,RD,,,
CA49080070520160001479000,2016,313  Matheson ST ,CA,Healdsburg,95448,,1,321,313,,Matheson,ST,,,
CA30030073020151508806000,2015,700 S ACACIA AVE ,CA,Fullerton,92831,,3,900,700,S,ACACIA,AVE,,,
CA19210082920140005409000,2014,544 N HOLLOW AVE ,CA,WEST COVINA,91790,,3,321,544,N,HOLLOW,AVE,,,
CA37135081620140001829000,2014,  Klamath National Forest  ,CA,Rancho Santa Fe,92067,,RSF,311,,,Klamath National Forest,,,,Klamath National Forest
CA34020100320140011927000,2014,006907  Bryan CT ,CA,Elk Grove,95624,,72,320,6907,,Bryan,CT,,,
CA04035071620140010077000,2014,00004500  CLARK RD ,CA,PDSE,95969,,BTU,463,4500,,CLARK,RD,,,
CA37110101220150006261000,2015,631 E 08th ST ,CA,NATIONAL CITY,91950,,,321,631,E,08th,ST,,,
CA34090082020150120257000,2015,3555  Auburn  ,CA,Sacramento,95821,,103,321,3555,,Auburn,,,,
CA37115072520140010656000,2014,194  EDGEWOOD DR ,CA,OCEANSIDE,92054,,FS7,611,194,,EDGEWOOD,DR,,,194 EDGEWOOD DR
CA27055111220160001856000,2016,3055  OWEN AVE ,CA,Marina,93933,,1,321,3055,,OWEN,AVE,,1,
CA15010042020161614214000,2016,122 E MC CORD  ,CA,OILDALE,93308,,K63,611,122,E,MC CORD,,,,
CA30030041420161604526000,2016,1925 N SUNNY CREST  ,CA,Fullerton,92835,,1,321,1925,N,SUNNY CREST,,,,
CA34090021820140023634000,2014,4743  Marconi AV ,CA,Sacramento,95821,,102,321,4743,,Marconi,AV,,12,
CA54050120220150011664000,2015,538 W WESTFIELD AVE ,CA,Porterville,93257,,20,100,538,W,WESTFIELD,AVE,,,
CA42035012420140000948000,2014,  LOS OLIVOS MEADOWS RD ,CA,Los Olivos,93441,,32,322,,,LOS OLIVOS MEADOWS,RD,,,
CA19110092620150269961000,2015,23740  VIA CANON  ,CA,SANTA CLARITA,0,0,73,321,23740,,VIA CANON,,,104,btwn SILVERADO
CA33030052020160061165000,2016,00013860  CACTUS DR ,CA,DHSP,92240,,RRU,321,13860,,CACTUS,DR,,,66250 BLK IRONWOOD DR 66251 B
CA10030122520166074856000,2016,8926 N Winery AVE ,CA,Fresno,93720,,S17,321,8926,N,Winery,AVE,,,
CA36070060620050000928000,2005,    NORTH BAY RD  ,CA,Blue Jay,92317, ,26,411, , ,NORTH BAY,RD, , ,189
CA12140022220130001069000,2013,1966  Peninsula DR ,CA,Manila,95521,,ARC,412,1966,,Peninsula,DR,,,
CA19075012720161601551000,2016,  GRANADA STE MAPLE ST  ,CA,Glendale,91205,,Gle,352,,,GRANADA STE MAPLE ST,,,,GRANADA STE MAPLE STGLN
CA37140072720140078639000,2014,7283  Cam Degrazia  ,CA,SAN DIEGO,92111,,23,321,7283,,Cam Degrazia,,,13,7283 Cam Degrazia
CA19110050220140109366000,2014,9056 E AVENUE T4  ,CA,LITTLEROCK CNTY,0,0,92,700,9056,E,AVENUE T4,,,,btwn 89TH ST E
CA34090090620090106594000,2009,  E Country Club LN  ,CA,Sacramento,95821, ,103,160, ,E,Country Club,LN, , ,Sierra View LN
CA24035031720140004588000,2014,00019781  AMERICAN  ,CA,HILMAR,95324,,MMU,311,19781,,AMERICAN,,,,8500 BLK VILLA CORDOBA AV 849
CA49145071620140014839000,2014,300  SANTA ROSA AV ,CA,SANTA ROSA,95404,,1,321,300,,SANTA ROSA,AV,,C,
CA19005080520160003952000,2016,836 S SIERRA VISTA AVE ,CA,Alhambra,91801,,71,622,836,S,SIERRA VISTA,AVE,,C,
CA19105032320090001209000,2009,01415 W 224TH ST  ,CA,HARBOR GATEWAY,90501, ,85,480,1415,W,224TH,ST, , ,224TH                       ST
CA31150070320160001160000,2016,9999  DOUGLAS  ,CA,Granite Bay,95746,,S15,611,9999,,DOUGLAS,,,,
CA33090101820150118167000,2015,00014137  OAKLEY DR ,CA,WOOD,92508,,RRU,300,14137,,OAKLEY,DR,,,DEADEND 16200 BLK CANYON RID
CA30065082520050052878000,2005,6105   CAMINO FORESTAL    ,CA,SAN CLEMENTE,0,0,FS5,111,6105, ,CAMINO FORESTAL, , , ,NEAR COSTA MARITIMA
CA39120012420130030483000,2013,8181 W Eleventh ST ,CA,TRACY,95304,,S91,412,8181,W,Eleventh,ST,,,8181 W Eleventh St
CA54010123120140004424000,2014,1967  PAYAN AVE ,CA,Dinuba,93618,,S31,321,1967,,PAYAN,AVE,,,
CA33090072620150084220000,2015,00048400  SEMINOLE DR ,CA,CABA,92230,,RRU,735,48400,,SEMINOLE,DR,,306,DESERT HILLS PREMIUM OUTLETS
CA07090091920122068522000,2012,6710  Alhambra AVE ,CA,Martinez,MAR,,,163,6710,,Alhambra,AVE,,,6710 Alhambra Ave
CA37140012420150009557000,2015,721 E San Ysidro Bl  ,CA,SAN DIEGO,92173,,29,321,721,E,San Ysidro Bl,,,,721 E San Ysidro Bl
CA31085052320141405155000,2014,2501  HAYDEN PW ,CA,ROSEVILLE,95747,,9,321,2501,,HAYDEN,PW,,611,
CA10030100620166058598000,2016,301 N Glenn AVE ,CA,Fresno,93701,,S03,622,301,N,Glenn,AVE,,,
CA01040110920111111073000,2011,    WARREN AV    ,CA,FREMONT,94538, ,S07,143, , ,WARREN AV, , , ,KATO RD
CA38005061220050043454000,2005,600   ITALY AVE  ,CA,SF,94112, ,43,113,600, ,ITALY,AVE, , ,
CA33075080320151520094000,2015,8171  Magnolia  ,CA,Riverside,92504,,5,311,8171,,Magnolia,,,12,3800 ADAMS 3800 CROWELL AV
CA30005080620121218460001,2012,1189 N LOMBARD DR ,CA,Anaheim,92801,,2,118,1189,N,LOMBARD,DR,,,
CA37140082920160107916000,2016,1441  Quivira RD ,CA,SAN DIEGO,92109,,20,611,1441,,Quivira,RD,,lobby,1441 Quivira Rd
CA50040050120160012441000,2016,1318  FORDHAM AVE ,CA,MODESTO,95350,,4,311,1318,,FORDHAM,AVE,,,
CA30005032720151509282000,2015,2031 E VIA BURTON  ,CA,Anaheim,92806,,5,420,2031,E,VIA BURTON,,,,
CA24035062220100008922000,2010,    I-5    ,CA,SANTA_NELLA,95322, ,MMU,140, , ,I-5, , , ,
CA19110081320150224104000,2015,  PADDISON  ,CA,NORWALK,0,0,20,700,,,PADDISON,,,,EIMPERIALHWY
CA19050042720160001848000,2016,10955  WASHINGTON BLVD ,CA,CULVER CITY,90232,,,321,10955,,WASHINGTON,BLVD,,,
CA43080122120153550056000,2015,20301  KIRKMONT DR ,CA,CUPERTINO,95014,,SS,611,20301,,KIRKMONT,DR,,,
CA19110021320140039705000,2014,1040 E WILLOW  ,CA,SIGNAL HILL,0,0,60,735,1040,E,WILLOW,,,,btwn N CALIFORNIA AV
CA37140101520140111252000,2014,7430  Jackson DR ,CA,SAN DIEGO,92119,,34,611,7430,,Jackson,DR,,,7430 Jackson Dr
CA40080102720060008513000,2006,00006576   ODONOVAN RD  ,CA,SAN_LUIS_OBISPO_CO,93432, ,SLU,130,6576, ,ODONOVAN,RD, , ,UNNAMED STREET
CA19105092820110000343000,2011,    12900 W BRANFORD ST X N LAUREL    ,CA,LOS ANGELES,91331, ,98,131, , ,12900 W BRANFORD ST X N LAUREL, , , ,12900 W BRANFORD ST X N LAUREL
CA38005051020090038510000,2009,    CHENERY ST  ,CA,SF,94131, ,26,154, , ,CHENERY,ST, , ,
CA38005011520160005399000,2016,490  POST ST ,CA,San Francisco,94102,,,700,490,,POST,ST,,,
CA10030101820044BM1578000,2004,    CHERRY    ,CA,FRESNO,93705, , ,100, , ,CHERRY, , , ,KINGS CANYON
CA04010050720160004152000,2016,1200  SPRINGFIELD DR ,CA,Chico,95928,,4,321,1200,,SPRINGFIELD,DR,,,SKYMOUNTAIN CIR
CA30065102920150110210000,2015,3810  AVENIDA DEL PRESIDENTE  ,CA,SAN CLEMENTE,0,0,FS6,324,3810,,AVENIDA DEL PRESIDENTE,,,,
CA07090100820088069707000,2008,51   Parkview TER  ,CA,San Pablo,SPA, , ,131,51, ,Parkview,TER, , ,51 Parkview Ter
CA37140090520160110753000,2016,5043  Elm ST ,CA,SAN DIEGO,92102,,26,321,5043,,Elm,ST,,,5043 Elm St
CA30035041620080803502000,2008,10072   TRAYLOR WAY  ,CA,GARDEN GROVE,92843, ,G07,561,10072, ,TRAYLOR,WAY, , ,
CA19110052320160148325000,2016,  SB 5 NO 710  ,CA,COMMERCE,0,0,3,322,,,SB 5 NO 710,,,,
CA15010040920161612815000,2016,8508  HARBOR CLUB DR ,CA,BAKERSFIELD,93312,,K61,611,8508,,HARBOR CLUB,DR,,,
CA04035092820030011438000,2003,2309   Messina AVE  ,CA,Palermo,95966, , ,311,2309, ,Messina,AVE, , ,
CA49110092920160001597000,2016,7523  Commerce ST ,CA,Cotati,94931,,1,311,7523,,Commerce,ST,,,
CA37140100120130100979000,2013,  0 I15 SB  ,CA,SAN DIEGO,92127,,33,131,,,0 I15 SB,,,,0 I15 SB
CA41035062520150003545000,2015,  CITRUS  ,CA,DALY CITY,94015,,92,321,,,CITRUS,,,,MISSION
CA19110072120150200649000,2015,4201  VIA MARINA  ,CA,MARINA DEL REY,0,0,110,321,4201,,VIA MARINA,,,K508,btwn PANAY WY
CA10030032520144014344000,2014,1695 W Calimyrna AVE ,CA,Fresno,93711,,S02,611,1695,W,Calimyrna,AVE,,D,
CA50110061820140002777000,2014,2800  PORSCHE STRASSE  ,CA,TURLOCK,95380,,4,111,2800,,PORSCHE STRASSE,,,,
CA19110012320150023021000,2015, W SEPULVEDA  ,CA,CARSON,0,0,36,321,,W,SEPULVEDA,,,,SFIGUEROAST
CA43010052720141401797000,2014,7643  ROSANNA ST ,CA,GILROY,95020,,LAS,321,7643,,ROSANNA,ST,,,
CA34080013020140006246000,2014,1219  T ST ,CA,Sacramento,95814,,,321,1219,,T,ST,,1,
CA41110073120162016130000,2016,240  Allen Rd  ,CA,Woodside,94062,,,651,240,,Allen Rd,,,,
CA19110081220150223234000,2015,2500  OCEAN FRONT  ,CA,SANTA MONICA,0,0,802,321,2500,,OCEAN FRONT,,,,btwn BAY ST
CA30065031720150027693000,2015,1479  wilderness  ,CA,ORANGE,0,0,99,321,1479,,wilderness,,,,
CA39050112320140005209000,2014,820 W CENTER ST ,CA,Manteca,95337,,2,600,820,W,CENTER,ST,,,
CA19100082320161638969000,2016,1700  PACIFIC AV  ,CA,Long Beach,90813,,3,321,1700,,PACIFIC AV,,,,
CA37065061020160002874000,2016,  OLIVENHAIN RD ,CA,Encinitas,92024,,ENC,321,,,OLIVENHAIN,RD,,,EL CAMINO RE
CA30065111820160122118000,2016,24552  PASEO DE VALENCIA  ,CA,LAGUNA HILLS,0,0,FS2,745,24552,,PASEO DE VALENCIA,,,,VILLA VALENCIA MAIN ENTRANCE
CA04035082120030009677000,2003,6245   PUEBLO    ,CA,MAGALIA,95954, ,33,321,6245, ,PUEBLO, , , ,
CA34080120320140072064000,2014,0  FLORIN RD ,CA,Sacramento,95831,,,321,0,,FLORIN,RD,,,RIVERSIDE
CA49145010420140000234000,2014,620  SUMMERFIELD RD ,CA,SANTA ROSA,95405,,4,321,620,,SUMMERFIELD,RD,,,
CA37148112020140024132000,2014,00028233  MEADOW OAK LN ,CA,DEERSPRINGS,92026,,MVU,321,28233,,MEADOW OAK,LN,,,DEADEND 10320 BLK BURNED OAK
CA33090010420080001294000,2008,    Spring    ,CA,HIGH,92507, ,RRU,445, , ,Spring, , , ,Glen
CA19145121920150082395000,2015,  LINCOLN AV  ,CA,PASADENA,91103,,36,322,,,LINCOLN AV,,,,TOOLEN PL
CA36170062220141407579000,2014,428  G ST E,CA,Ontario,91762,,,321,428,,G,ST,E,,
CA36555100420140012459000,2014,00031067  SAGE ST ,CA,LUCERNEVALLEY,92345,,BDU,151,31067,,SAGE,ST,,,10400 BLK BUENA VISTA RD 1040
CA19110122920140337796000,2014, W CLARION  ,CA,CARSON CO,0,0,36,661,,W,CLARION,,,,SNORMANDIEAV
CA33555060620150063769000,2015,00036000  WINCHESTER RD ,CA,WINC,92596,,RRU,143,36000,,WINCHESTER,RD,,,
CA19105012620070000976000,2007,07800 S HOOVER ST  ,CA,SOUTH CENTRAL LOS AN,90044, ,57,131,7800,S,HOOVER,ST, , ,HOOVER                      ST
CA50110012320140000337000,2014,2040  OXFORD AVE ,CA,TURLOCK,95380,,4,321,2040,,OXFORD,AVE,,,
CA54045082120090006787001,2009,505 E Laurel    ,CA,VISALIA,93292, ,S51,111,505,E,Laurel, , , ,
CA43070080820162219093000,2016,3015  UNION  ,CA,SAN JOSE,95124,,9,300,3015,,UNION,,,,
CA31125082320140019635000,2014,00003388  BELL RD ,CA,PCFD,95603,,NEU,311,3388,,BELL,RD,,,3099 BLK RICHARDSON DR 3190 B
CA27115010620150000096000,2015,00003381  LAURELES LN ,CA,PEBBLEBEACH,93953,,BEU,550,3381,,LAURELES,LN,,,1241 BLK PADRE LN DEADEND
CA19105121420090001292000,2009,08637 N BALCOM AV  ,CA,NORTHRIDGE,91325, ,103,440,8637,N,BALCOM,AV, , ,BALCOM                      AV
CA54045052820130004995000,2013,9500 W AIRPORT DR ,CA,Visalia,93277,,S53,462,9500,W,AIRPORT,DR,,,
CA48060011120150002177000,2015,172  BRIGHTON  ,CA,VACAVILLE,95687,,74,321,172,,BRIGHTON,,,,
CA30055021020161601271000,2016,1501  Superior AVE ,CA,NEWPORT BEACH,92663,,2,321,1501,,Superior,AVE,,312,1501 SUPERIOR AV STE 312
CA39055012920050000148000,2005,         ,CA,Manteca,95336, ,S32,463, , , , , , ,East bound Hwy 120 off ramp at
CA49145061920150013358000,2015,1254  CEDARWOOD DR ,CA,SANTA ROSA,95401,,2,150,1254,,CEDARWOOD,DR,,,
CA41040113020160012683000,2016,4000 E 3RD  ,CA,Foster City,94404,,28,550,4000,E,3RD,,,,
CA37140030620150026616000,2015,3856  Marlesta DR ,CA,SAN DIEGO,92111,,36,321,3856,,Marlesta,DR,,,3856 Marlesta Dr
CA19110032020150078662000,2015,12200 S LA MIRADA  ,CA,LA MIRADA,0,0,15,321,12200,S,LA MIRADA,,,21A,btwn GRANADA AV
CA15010030520151507599000,2015,1011  WEBSTER ST ,CA,KERN COUNTY,93307,,K41,311,1011,,WEBSTER,ST,,,
CA54005122220150001117000,2015,221 E CITRUS DR ,CA,Farmersville,93223,,83,311,221,E,CITRUS,DR,,,
CA19125033020160001135000,2016,423 W FOOTHILL  ,CA,MONROVIA,91016,,101,554,423,W,FOOTHILL,,,,
CA33050051620160059781000,2016,00042150  JACKSON ST ,CA,INDO,92201,,RRU,300,42150,,JACKSON,ST,,,82999 BLK SHOWCASE PY 82999 B
CA49145031320160006022000,2016,509  COLUMBIA ST ,CA,SANTA ROSA,95403,,11,611,509,,COLUMBIA,ST,,,
CA42035050320160005385000,2016,4848  SAN GORDIANO AVE ,CA,SANTA BARBARA,93111,,12,321,4848,,SAN GORDIANO,AVE,,B,
CA39120011020160060196000,2016,2929 N Mac Arthur DR ,CA,TRACY,95376,,SM,321,2929,N,Mac Arthur,DR,,41,2929 N Mac Arthur Dr
CA15010021220161605449000,2016,14556  TEHACHAPI  ,CA,KERN COUNTY,93561,,K12,311,14556,,TEHACHAPI,,,41,
CA33052042520150047253000,2015,00079175  LATIGO  ,CA,LAQ,92253,,RRU,320,79175,,LATIGO,,,,44700 BLK LOS MANOS DR DEADE
CA37140112720140128072000,2014,3123  Larkdale CT ,CA,SAN DIEGO,92123,,28,113,3123,,Larkdale,CT,,,3123 Larkdale Ct
CA15010080820151528697000,2015,801  STANISLAUS ST ,CA,MARICOPA,93252,,K22,321,801,,STANISLAUS,ST,,,
CA19180090820151511898000,2015,1112  7TH ST ,CA,SANTA MONICA,90403,,,321,1112,,7TH,ST,,,
CA37140071820140075238000,2014,4238  Van Dyke AVE ,CA,SAN DIEGO,92105,,17,321,4238,,Van Dyke,AVE,,4,4238 Van Dyke Av
CA50040101920150020392000,2015,706  SUTTER AVE ,CA,MODESTO,95351,,2,321,706,,SUTTER,AVE,,,
CA34090022020160026145000,2016,7428  Widener  ,CA,North Highlands,95660,,41,321,7428,,Widener,,,,
CA54035080720162162927000,2016,450 W Springville AVE ,CA,Porterville,93257,,3,321,450,W,Springville,AVE,,139,
CA36015011620151500533000,2015,22325  State HWY ,CA,APPLE VALLEY,92307,,334,311,22325,,State,HWY,,68,22325 State Hwy 18 Oh S
CA24035061320160011356000,2016,00008813  GLOBE  ,CA,DOSPALOS,93620,,MMU,320,8813,,GLOBE,,,,21959 BLK LEXINGTON AV 21907
CA33090083120160105417000,2016,00035704  TYMPANI  ,CA,INDO,92201,,RRU,321,35704,,TYMPANI,,,,78982 BLK ALLIANCE WY DEADEN
CA54010010120160000014000,2016,1878 E El Monte  ,CA,Dinuba,93618,,S31,321,1878,E,El Monte,,,,
CA33090080920160096441000,2016,00018876  LISA LN ,CA,MEAD,92570,,RRU,321,18876,,LISA,LN,,,22770 BLK PERRY ST DEADEND
CA10030041820166021425000,2016,5759 E Fountain WAY ,CA,Fresno,93727,,S10,131,5759,E,Fountain,WAY,,,
CA49145040920140007412000,2014,2080  GUERNEVILLE RD ,CA,SANTA ROSA,95401,,2,611,2080,,GUERNEVILLE,RD,,,
CA41035062120140003260000,2014,501  KING DR ,CA,DALY CITY,94015,,94,321,501,,KING,DR,,,
CA41095102220151504858000,2015,571  TAMARACK  ,CA,SOUTH SAN FRANCISCO,94080,,61,321,571,,TAMARACK,,,,571 TAMARACK LA
CA37170050820140004145000,2014,4000  Mystra DR ,CA,OCEANSIDE,92056,,VTA,542,4000,,Mystra,DR,,,4000 Mystra Dr
CA19180052320151506497000,2015,1525  EUCLID ST ,CA,SANTA MONICA,90404,,,321,1525,,EUCLID,ST,,,
CA43105062920022003714000,2002,1002 W FREMONT AV  ,CA,SUNNYVALE,94086, ,ST3,311,1002,W,FREMONT,AV, , ,
CA55555070220100005518000,2010,    Las Cruces    ,CA,La Grange,95329, ,TCU,140, , ,Las Cruces, , , ,J 59
CA01008091520161629802000,2016,16672 E 14TH ST ,CA,SAN LEANDRO,94578,,24,321,16672,E,14TH,ST,,,
CA43060052820161490011000,2016,3980  EL CAMINO REAL  ,CA,PALO ALTO,94305,,2,321,3980,,EL CAMINO REAL,,,59,
CA38005080820150020064000,2015,201  3RD ST ,CA,San Francisco,94103,,,700,201,,3RD,ST,,,
CA33090012820150011681000,2015,00032690  ROME HILL RD ,CA,LVIL,92530,,RRU,321,32690,,ROME HILL,RD,,,DEADEND 18848 BLK GRAND AV
CA37030120120150017499000,2015,3470  Highland  ,CA,NATIONAL CITY,91950,,1,611,3470,,Highland,,,,
CA41090083020151506562000,2015,  HOBART  ,CA,SAN MATEO,94402,,25,553,,,HOBART,,,,TILIA
CA27025072920160001691000,2016,9870  ROLLING MEADOWS LN ,CA,Prunedale,93907,,2,321,9870,,ROLLING MEADOWS,LN,,,
CA30030042020151504702000,2015,1111 N CREEK SIDE  ,CA,Fullerton,92833,,6,321,1111,N,CREEK SIDE,,,,
CA30065040120140027963000,2014,25555  ALICIA  ,CA,LAGUNA HILLS,0,0,FS2,321,25555,,ALICIA,,,,NEAR PASEO DE VALENCIA
CA45015041320160003488000,2016,  855 Caravan Rd  ,CA,Anderson,96007,,,300,,,855 Caravan Rd,,,,
CA41095062620161602969000,2016,119  COLMA  ,CA,COLMA,94014,,63,611,119,,COLMA,,,,119 COLMA BLVD
CA30030040120161603972000,2016,1219 N STATE COLLEGE AVE ,CA,Anaheim,92805,,3,122,1219,N,STATE COLLEGE,AVE,,,
CA19105061320160000332000,2016,00920 E PACIFIC COAST  ,CA,LOS ANGELES,90744,,38,412,920,E,PACIFIC COAST,,,,PACIFIC COAST               HY
CA56020122320055113460000,2005,7322   WHEELER CYN RD  ,CA,VENTURA,93060, ,26,631,7322, ,WHEELER CYN,RD, , ,
CA19110021220160044192000,2016,44910 N 10TH  W,CA,LANCASTER,0,0,33,554,44910,N,10TH,,W,315,btwn W KILDARE ST
CA19110111420140294406000,2014,648 W DEVIRIAN  ,CA,ALTADENA,0,0,12,440,648,W,DEVIRIAN,,,,btwn N LINCOLN AV
CA15010050820151515725000,2015,27060  CUMBERLAND RD ,CA,BEAR VALLEY,93561,,K16,162,27060,,CUMBERLAND,RD,,,
CA19105041820150000786000,2015,02670 S CLYDE  ,CA,LOS ANGELES,90016,,94,900,2670,S,CLYDE,,,,CLYDE                       AV
CA19110070920160198013000,2016,43319 N 21ST  W,CA,LANCASTER,0,0,134,611,43319,N,21ST,,W,,btwn W AVENUE K7
CA15010082920070725624000,2007,    FRONTIER WY    ,CA,BEAR VALLEY,93561, ,K16,460, , ,FRONTIER WY, , , ,CUMBERLAND RD
CA56020081020150025373000,2015,453  CARMEN  ,CA,Camarillo,93010,,,321,453,,CARMEN,,,,CARMEN PLAZA54001453
CA19110120320150338690000,2015,44104  CAROLSIDE  ,CA,LANCASTER,0,0,33,321,44104,,CAROLSIDE,,,,btwn E AVENUE J7
CA19110122920140337514000,2014,5336  ZADELL  ,CA,TEMPLE CITY,0,0,47,440,5336,,ZADELL,,,,btwn DEAD END
CA19110040820140087397000,2014,2929  ORINOCO  ,CA,HACIENDA HEIGHTS,0,0,91,321,2929,,ORINOCO,,,,btwn DEL PRADO DR
CA33035102420150120621000,2015,00016508  CARIBOU ST ,CA,LELS,92530,,RRU,300,16508,,CARIBOU,ST,,,28900 BLK REDWOOD DR DEADEND
CA34090121520160187869000,2016,3641  Karl DR ,CA,North Highlands,95660,,42,461,3641,,Karl,DR,,,
CA37025092420150008915000,2015,2077  Sequoia Crest  ,CA,Vista,92083,,OUT,321,2077,,Sequoia Crest,,,,2077 Sequoia Crest
CA33054062520150071963000,2015,00023120  SUNNYMEAD  ,CA,MOVA,92553,,RRU,321,23120,,SUNNYMEAD,,,,12498 BLK FREDERICK ST 23200
CA48060061520150034446000,2015,1200  BURTON DR ,CA,VACAVILLE,95687,,72,321,1200,,BURTON,DR,,54,
CA10030031320100021496000,2010,    Chestnut AVE  ,CA,Fresno,93702, ,S01,131, , ,Chestnut,AVE, , ,Olive
CA56025020220150007706000,2015,3302  Turnout PARK ,CA,Camarillo,93012,,ST5,900,3302,,Turnout,PARK,,,3302 Turnout Park Ci
CA33040110620151513719000,2015,1360 E ACACIA AVE ,CA,HEMET,92543,,1,321,1360,E,ACACIA,AVE,,107,1360 E ACACIA AV107
CA49145122320140027252000,2014,301  WHITE OAK DR ,CA,SANTA ROSA,95409,,7,553,301,,WHITE OAK,DR,,263,
CA19105021620140000505000,2014,06252 N WYNNE AV ,CA,RESEDA,91335,,93,442,6252,N,WYNNE,AV,,,WYNNE                       AV
CA30065092720160102480000,2016,34071  RUBY LANTERN  ,CA,DANA POINT,0,0,FS3,321,34071,,RUBY LANTERN,,,A,resd mendoza
CA19110081220150223110000,2015,508 W IVESBROOK  ,CA,LANCASTER,0,0,33,321,508,W,IVESBROOK,,,115,btwn N SIERRA HWY
CA41045082620150005577000,2015,00001000  HWY 1  ,CA,HALFMOONBAY,94019,,CZU,322,1000,,HWY 1,,,,
CA56020100820160033763000,2016,6207  VILLAGE 6  ,CA,Leisure Village,93012,,,321,6207,,VILLAGE 6,,,,LEISURE VILLAGE 6525066207
CA30005050520151513507000,2015,8270 E MONTE VISTA  ,CA,Anaheim,92808,,8,571,8270,E,MONTE VISTA,,,,
CA34090061720160089688000,2016,    ,CA,Sacramento,95842,,25,622,,,,,,,WB I80 Truck Scales
CA30065070520140058180000,2014,859  SAN REMO  ,CA,IRVINE,0,0,FS0,321,859,,SAN REMO,,,,NEAR PASEO WESTPARK
CA34080012320160005281000,2016,2841  CONWAY CT ,CA,Sacramento,95826,,,300,2841,,CONWAY,CT,,,
CA37070071620160008250000,2016,1739  ALTA VISTA AVE ,CA,Escondido,92027,,2,321,1739,,ALTA VISTA,AVE,,,
CA33075021020151503758000,2015,11623  Carmine  ,CA,Riverside,92505,,7,611,11623,,Carmine,,,,4940 SIERRA VISTA AV 4948 BL
CA19105101520160000757000,2016,  BERTH 87 SPD  ,CA,SAN PEDRO,90731,,112,550,,,BERTH 87 SPD,,,,BERTH 87 SPD
CA32010080120150000319000,2015,251  Airport RD ,CA,Chester,96020,,HQ,900,251,,Airport,RD,,,
CA19110112320150329350000,2015,43454 N 30TH  W,CA,LANCASTER,0,0,134,321,43454,N,30TH,,W,,btwn W AVENUE K4
CA36193082220151555468000,2015,3094 N Macy ST ,CA,MUSCOY,92407,,75,321,3094,N,Macy,ST,,,3094 N Macy St
CA10032040720140004443000,2014,00000000  I 5 ACCESS RAMP  ,CA,MENDOTA,93640,,FKU,322,0,,I 5 ACCESS RAMP,,,,Russell
CA19110012720150027002000,2015,18328  AMBLER  ,CA,CARSON,0,0,116,321,18328,,AMBLER,,,,btwn E 182ND ST
CA19110070620140169698000,2014,1731 E BOYSENBERRY  ,CA,PALMDALE,0,0,37,321,1731,E,BOYSENBERRY,,,,btwn N 17TH ST E
CA37140101420140110827000,2014,850  State ST ,CA,SAN DIEGO,92101,,201,321,850,,State,ST,,106,850 State St
CA56025031720160020617000,2016,1037 E Santa Clara ST ,CA,Ventura,93001,,ST2,321,1037,E,Santa Clara,ST,,,1037 E Santa Clara St
CA37070111020160013193000,2016,3135  PLUM CT ,CA,Escondido,92027,,4,321,3135,,PLUM,CT,,,
CA20015021220080001791000,2008,18394   rd. 12    ,CA,MADERA_VALLEY,93610, ,MMU,111,18394, ,rd. 12, , , ,
CA30030051420151505690000,2015,0  BREA MALL  ,CA,Brea,92821,,4,611,0,,BREA MALL,,,,
CA34080051720150030890000,2015,3725  CYPRESS ST ,CA,Sacramento,95838,,,321,3725,,CYPRESS,ST,,C37,
CA10030082720133040767000,2013,3973 N Cedar AVE ,CA,Fresno,93726,,S06,131,3973,N,Cedar,AVE,,,
CA34080022020140010777000,2014,3420  WINTER PARK DR ,CA,Sacramento,95834,,,600,3420,,WINTER PARK,DR,,208,
CA34090100120160147689000,2016,  Longview DR ,CA,Sacramento,95821,,103,622,,,Longview,DR,,,Watt AV
CA33052041620150043759000,2015,00047875  VIA TRIESTE  ,CA,LAQ,92253,,RRU,554,47875,,VIA TRIESTE,,,,78878 BLK VIA FLORENCE 47958
CA19145073020140046389000,2014,560  HICKORY LA ,CA,PASADENA,91103,,36,321,560,,HICKORY,LA,,,
CA55050062820150006585000,2015,00010000  BONDS FLAT RD ,CA,DONPEDRO,95329,,TCU,321,10000,,BONDS FLAT,RD,,,BLUE OAKS CAMPGROUND RD DON P
CA19110050420140111684000,2014, S NORMANDIE  ,CA,GARDENA,0,0,95,700,,S,NORMANDIE,,,,WROSECRANSAV
CA19145121620140077740000,2014,586 N Lake AVE ,CA,Pasadena,91101,,33,322,586,N,Lake,AVE,,,
CA48005121520153490009000,2015,1176  GROVE CIR ,CA,BENICIA,94510,,12,321,1176,,GROVE,CIR,,,
CA37070111820050009084000,2005,1070 E WASHINGTON AV  ,CA,Escondido,92025, ,2,131,1070,E,WASHINGTON,AV, , ,
CA33040071620141407710000,2014,1595 E FLORIDA AVE ,CA,HEMET,92543,,1,321,1595,E,FLORIDA,AVE,,,1595 E FLORIDA AV
CA37025052820160004988000,2016,5010  Avenida Encinas  ,CA,Carlsbad,92008,,CB1,745,5010,,Avenida Encinas,,,,5010 Avenida Encinas
CA41050101320160006652000,2016,505  MOORE RD ,CA,Woodside,94063,,4,321,505,,MOORE,RD,,,
CA19105042220160001398000,2016,10920 W CAMARILLO ST ,CA,NORTH HOLLYWOOD,91602,,86,651,10920,W,CAMARILLO,ST,,,CAMARILLO                   ST
CA19110061020150159087000,2015,5633 E WHITTIER  ,CA,EAST LOS ANGELES,0,0,22,321,5633,E,WHITTIER,,,,btwn S SADLER AV
CA2501503132005005-103000,2005,    RYE CREEK SWIRL    ,CA,ALTURAS,96101, , ,143, , ,RYE CREEK SWIRL, , , ,
CA57025020120140000450000,2014,1515  SHASTA DR ,CA,DAVIS,95616,,32,554,1515,,SHASTA,DR,,1105,1515 SHASTA DR
CA33105073120150086182000,2015,00072600  FRED WARING DR ,CA,PDES,92260,,RRU,321,72600,,FRED WARING,DR,,,WARING PLAZA ONE QUAIL PLACE
CA37140111620140123899000,2014,2760  Piantino Cr  ,CA,SAN DIEGO,92108,,45,321,2760,,Piantino Cr,,,,2760 Piantino Cr
CA42040040620140002317000,2014,415 E NEWLOVE  ,CA,Santa Maria,93458,,ST2,154,415,E,NEWLOVE,,,,
CA37145020520140000721000,2014,262  Candera LN ,CA,San Marcos,92069,,3,622,262,,Candera,LN,,,262 Candera Ln
CA30055120820141410545000,2014,2  VIA RUBINO  ,CA,NEWPORT BEACH,92657,,8,321,2,,VIA RUBINO,,,,2 VIA RUBINO
CA43070042820161199001000,2016,1058 S 5TH ST ,CA,SAN JOSE,95112,,3,321,1058,S,5TH,ST,,,
CA30065041820150038953000,2015,24300  EL TORO  ,CA,LAGUNA WOODS,0,0,FS2,554,24300,,EL TORO,,,119,RESD MC FIERCEN
CA12555111520140007572000,2014,00000073  HUFFORD RD ,CA,ORICK,95556,,HUU,700,73,,HUFFORD,RD,,,120900 BLK HWY 101 10 BLK FOO
CA19110051920160144633000,2016,939 N STANLEY  ,CA,WEST HOLLYWOOD,0,0,8,321,939,N,STANLEY,,,1,btwn W WILLOUGHBY AV
CA50555062220150002290000,2015,408  KERR AVE ,CA,COUNTY,95354,,31,321,408,,KERR,AVE,,,
CA19110022320160056656000,2016,3130 N ROBINETTE  ,CA,BALDWIN PARK,0,0,29,321,3130,N,ROBINETTE,,,,btwn E FAIRGROVE ST
CA34080010920140001967000,2014,0  17TH AVE ,CA,Sacramento,95817,,,600,0,,17TH,AVE,,,STOCKTON
CA43070030820160689016000,2016,317 N 14TH ST ,CA,SAN JOSE,95112,,8,321,317,N,14TH,ST,,,
CA30065072020150071824000,2015,  LAKE FOREST  ,CA,LAKE FOREST CITY,0,0,FS3,324,,,LAKE FOREST,,,,
CA39120041620160062149000,2016,240 E Emerson AVE ,CA,TRACY,95376,,SM,745,240,E,Emerson,AVE,,,240 E Emerson Ave
CA03006110320160031649000,2016,27256  Forrest Oak Road  ,CA,Pioneer,95666,,111,321,27256,,Forrest Oak Road,,,,
CA19075091420141412804000,2014,4235  BOSTON AVE ,CA,LA CRESCENTA,91214,,Gle,300,4235,,BOSTON,AVE,,,btwn ENCINAL AV ALTURA AV
CA37140073120160094547000,2016,4219  Euclid AVE ,CA,SAN DIEGO,92115,,17,321,4219,,Euclid,AVE,,3,4219 Euclid Av
CA36065092620150148880000,2015,11055  Alamo RD ,CA,LOMA LINDA,92354,,214,611,11055,,Alamo,RD,,,
CA39120072920160064229000,2016,2092  PENNY  ,CA,TRACY,95376,,S91,733,2092,,PENNY,,,,
CA34080062020160040893000,2016,4927  LAWRENCE DR ,CA,Sacramento,95820,,,321,4927,,LAWRENCE,DR,,,
CA21015080620150001141000,2015,  NB Highway 101  ,CA,Larkspur,94939,,14,322,,,NB Highway 101,,,,South of 580
CA19110051320150131879000,2015,2683  GRANDOAKS  ,CA,WESTLAKE VILLAGE,0,0,144,321,2683,,GRANDOAKS,,,,btwn KIRSTEN LEE DR
CA37070082920140008768000,2014,1750  CITRACADO PKY ,CA,Escondido,92029,,6,321,1750,,CITRACADO,PKY,,137,
CA54045011720110000447000,2011,9500 W AIRPORT DR  ,CA,Visalia,93277, ,S55,462,9500,W,AIRPORT,DR, , ,
CA19105020320150000035000,2015,  1145 REDONDO BEACH BL X GARDEN  ,CA,LOS ANGELES,90248,,79,311,,,1145 REDONDO BEACH BL X GARDEN,,,,1145 REDONDO BEACH BL X GARDEN
CA44055022820150004698000,2015,233  4TH AVE ,CA,Santa Cruz,95062,,SF1,611,233,,4TH,AVE,,,
CA19105051820140000588000,2014,04014 N BARRETT RD ,CA,LOS ANGELES,90032,,47,542,4014,N,BARRETT,RD,,,BARRETT                     RD
CA34020031620140003048000,2014,008586  Laguna Grove DR ,CA,Elk Grove,95757,,71,522,8586,,Laguna Grove,DR,,,
CA33110041220150041944000,2015,00070911  WINDSOR  ,CA,RANM,92270,,RRU,321,70911,,WINDSOR,,,,70900 BLK SUNNY LN DEADEND
CA37115060820160008841000,2016,760 E Bobier DR ,CA,VISTA,92084,,,321,760,E,Bobier,DR,,RM 162,760 E Bobier Dr
CA19110051920140125415000,2014,10624  PESCADERO  ,CA,SOUTH GATE,0,0,147,321,10624,,PESCADERO,,,,btwn SEMINOLE AV
CA37140070620140070534000,2014,  Strandway  ,CA,SAN DIEGO,92109,,21,611,,,Strandway,,,,Zanzibar
CA33054020120110010242000,2011,00012820   INDIAN ST  ,CA,MOVA,92555, ,RRU,118,12820, ,INDIAN,ST, , ,24500 BLK FIR AV
CA41090082720070704810000,2007,  N 101    ,CA,SAN MATEO,94403, ,26,463, ,N,101, , , ,
CA19145081420140049661000,2014,1450 N Fair Oaks AVE ,CA,PASADENA,91105,,36,321,1450,N,Fair Oaks,AVE,,,
CA37165112220140024230000,2014,00001740  WIND RIVER RD ,CA,SANMIGUEL,92019,,MVU,700,1740,,WIND RIVER,RD,,,1800 BLK HILLSDALE RD 1816 BL
CA19145062820160043067000,2016,1290  INVERNESS DR ,CA,PASADENA,91103,,38,321,1290,,INVERNESS,DR,,,
CA43070032620110859072000,2011,23 S CRAGMONT AV  ,CA,San Jose,95127, ,2,440,23,S,CRAGMONT,AV, , ,
CA01008072620161624161000,2016,4280  GREENVILLE RD ,CA,LIVERMORE,94550,,8,321,4280,,GREENVILLE,RD,,,
CA34090111520150163954000,2015,2319  Edison  ,CA,Sacramento,95821,,101,321,2319,,Edison,,,B,
CA37140031020150028381000,2015,325 S 32nd ST ,CA,SAN DIEGO,92113,,19,321,325,S,32nd,ST,,,325 S 32nd St
CA45086070420160006492000,2016,00011859 E STILLWATER  ,CA,SHASTACOLL,96049,,SHU,320,11859,E,STILLWATER,,,,20503 BLK HWY 299 E 20501 BLK
CA37139080720140016661000,2014,00044605  OLD HIGHWAY 80  ,CA,JACUMBA,91934,,MVU,321,44605,,OLD HIGHWAY 80,,,,1180 BLK HEBER ST 1200 BLK CA
CA15010112520151543149000,2015,13646  33  ,CA,LOST HILLS,93249,,K26,321,13646,,33,,,,
CA56015040220150022319000,2015,1401  Sespe ST ,CA,Fillmore,93015,,81,611,1401,,Sespe,ST,,,
CA56020071420160023397000,2016,2608  EUCALYPTUS  ,CA,Nyeland Acres,93030,,,300,2608,,EUCALYPTUS,,,,
CA30065121920160134393000,2016,10000  ADOBE  N,CA,IRVINE UCI,0,0,FS0,321,10000,,ADOBE,,N,,PUERTA DEL SOL HOUSING OFFICE
CA43070043020151209130000,2015,355  RACE ST ,CA,SAN JOSE,95126,,30,321,355,,RACE,ST,,,
CA10095041320150000698000,2015,2121  Valley View ST ,CA,Selma,93662,,1,611,2121,,Valley View,ST,,,
CA29015101020140023678000,2014,    ,CA,Grass Valley,95945,,54,463,,,,,,,Brunswick Rd approximately 10
CA19105080520070000325000,2007,01401 S SEPULVEDA BL  ,CA,LOS ANGELES,90025, ,37,113,1401,S,SEPULVEDA,BL, , ,SEPULVEDA                   BL
CA34090102020160157962000,2016,2424  Hurley  ,CA,Sacramento,95864,,105,321,2424,,Hurley,,,118,
CA19110010220160001908000,2016,14933  WANETTE  ,CA,BELLFLOWER,0,0,98,651,14933,,WANETTE,,,,btwn GREENWELL ST
CA19025111220140006009000,2014,8501  WILSHIRE BLVD ,CA,BEVERLY HILLS,90211,,,321,8501,,WILSHIRE,BLVD,,150,
CA07035091020140006059000,2014,3150  FOSTORIA WAY ,CA,DANVILLE,94526,,34,131,3150,,FOSTORIA,WAY,,,X1CAMINO RAMON X2CROW CANY
NA7CA04102420140002495000,2014,3055 N Golden AVE ,CA,San Bernardino,92400,,241,321,3055,N,Golden,AVE,,,
CA49145062820100010378000,2010,2469   GUERNEVILLE RD  ,CA,SANTA ROSA,95401, ,2,111,2469, ,GUERNEVILLE,RD, , ,
CA42035110720150013879000,2015,6895  HOLLISTER AVE ,CA,GOLETA,93117,,11,321,6895,,HOLLISTER,AVE,,,
CA36107092520160013535000,2016,00000000  HWY 210  W,CA,HIGHLANDCITY,92346,,BDU,324,0,,HWY 210,,W,,Greenspot cross of 5th St
CA43090021820161601415000,2016,2219  STEBBINS AVE ,CA,SC,95050,,5,500,2219,,STEBBINS,AVE,,,2219 STEBBINS AV
CA33090031820100024642000,2010,    Elm Ave    ,CA,BEAU,92223, ,RRU,413, , ,Elm Ave, , , ,Oak Valley
CA34090121220150177859000,2015,    ,CA,MATHER,95655,,7,611,,,,,,,SB Hwy 99 south of Mack rd
CA04010062920090004994000,2009,3107   MICHAEL WAY  ,CA,CHICO,95926, ,6,111,3107, ,MICHAEL,WAY, , ,
CA37140061720150069086000,2015,2919  Alta View DR ,CA,SAN DIEGO,92139,,32,611,2919,,Alta View,DR,,,2919 Alta View Dr
CA51020052920150000160000,2015,  riego RD ,CA,Pleasant Grove,95668,,9,700,,,riego,RD,,,pleasant grove road
CA33120080920150089688000,2015,00024259  ACACIA ST ,CA,WILD,92595,,RRU,300,24259,,ACACIA,ST,,,24000 BLK MANZANITA ST 32099
CA52030101920160009268000,2016,00007380  CARDINAL RD ,CA,RTR,96021,,TGU,311,7380,,CARDINAL,RD,,,16932 BLK SWALLOW CT 7378 BLK
CA19110062320150172023000,2015,24500 N MAIN  ,CA,SANTA CLARITA,0,0,73,323,24500,N,MAIN,,,,btwn W LYONS AV
CA38005071720140010331000,2014,705  NATOMA ST ,CA,San Francisco,94103,,,733,705,,NATOMA,ST,,,
CA43040112920160008488000,2016,00000580  LANDAU CT ,CA,MORGANHILLCITY,95037,,SCU,550,580,,LANDAU,CT,,,DEADEND 17300 BLK GRAND PRIX
CA37084033020140030807000,2014,1527 E Main ST ,CA,EL CAJON,92021,,8,321,1527,E,Main,ST,,272,
CA09060060120020001075000,2002,3421   Spruce AVE  ,CA,South Lake Tahoe,96150, ,1,321,3421, ,Spruce,AVE, ,39,
CA19105112220070000070000,2007,    SB 101 FY X BENTON WY    ,CA,LOS ANGELES,90026, ,6,131, , ,SB 101 FY X BENTON WY, , , ,SB 101 FY X BENTON WY
CA55050073120150007907000,2015,00017997  LITTLE FULLER RD ,CA,TWAINHARTE,95383,,TCU,611,17997,,LITTLE FULLER,RD,,,22921 BLK SOUTH FORK LOWER R
CA30065051720160051809000,2016,1211  PUERTA DEL SOL  ,CA,SAN CLEMENTE,0,0,FS5,321,1211,,PUERTA DEL SOL,,,200,SOVEREIGN HEALTH
CA27024021120160000677000,2016,00005315  CARMEL VALLEY RD ,CA,RIORD,93923,,BEU,321,5315,,CARMEL VALLEY,RD,,G209,26099 BLK VIA MALLORCA 1 BLK
CA07095010620050500170000,2005,363   MARINA WAY S,CA,Richmond,94804, ,67,100,363, ,MARINA,WAY,S, ,
CA04010062420150005945000,2015,1199  DIABLO AVE ,CA,Chico,95926,,42,321,1199,,DIABLO,AVE,,107,CERES AVE
CA36180092520088005835000,2008,  S CENTER ST  ,CA,REDLANDS,92373, ,261,463, ,S,CENTER,ST, , ,CYPRESS
CA04010081620150007719000,2015,2750  SIERRA SUNRISE TER ,CA,Chico,95928,,5,321,2750,,SIERRA SUNRISE,TER,,104,AMANECIDA COM
CA43070062120161739036000,2016,704 E HEDDING ST ,CA,SAN JOSE,95112,,5,300,704,E,HEDDING,ST,,,
CA19155021020150000735000,2015,500  AVENUE F  ,CA,Redondo Beach,90277,,1,321,500,,AVENUE F,,,A,
CA34080040620090017493000,2009,0   65TH STREET EW  ,CA,Sacramento,95820, , ,400,0, ,65TH STREET,EW, , ,FRUITRIDGE
CA19055053020150015207000,2015,7163  PELLET ST ,CA,DOWNEY,90241,,,321,7163,,PELLET,ST,,,
CA37140012120150008486000,2015,245  Padua Hills PL ,CA,SAN DIEGO,92173,,29,321,245,,Padua Hills,PL,,F,245 Padua Hills Pl
CA19105042020070000354000,2007,11861 S LUCILE ST  ,CA,MAR VISTA,90230, ,62,444,11861,S,LUCILE,ST, , ,LUCILE                      ST
CA19110073120150211051000,2015,32910  CHANTADA  ,CA,ACTON,0,0,80,700,32910,,CHANTADA,,,,btwn SOLEDAD CANYON RD
CA33105040320140034582000,2014,00074180  ANGELS CAMP RD ,CA,PDES,92260,,RRU,510,74180,,ANGELS CAMP,RD,,,42000 BLK COBALT WY 42000 BLK
CA01075022520140013209000,2014,210  40TH STREET WAY ,CA,OAKLAND,94610,,ST1,321,210,,40TH STREET,WAY,,11A,210 40TH STREET WY
CA37140041620150043687000,2015,  Home AVE ,CA,SAN DIEGO,92105,,17,651,,,Home,AVE,,,Menlo
CA34080061920160040790000,2016,455  FLORIN RD ,CA,Sacramento,95831,,,321,455,,FLORIN,RD,,11A,
CA34080120520140072454000,2014,401  I ST ,CA,Sacramento,95814,,,321,401,,I,ST,,,
CA15010071920161627046000,2016,12300  REINA RD ,CA,BAKERSFIELD,93312,,K65,711,12300,,REINA,RD,,,
CA19110121820160366138000,2016,11235  FINEVIEW  ,CA,EL MONTE,0,0,90,611,11235,,FINEVIEW,,,,btwn MOUNTAIN VIEW RD
CA19105092820130000063000,2013,00222 N MOTT ST ,CA,LOS ANGELES,90033,,2,150,222,N,MOTT,ST,,,MOTT                        ST
CA10030091120166053460000,2016,1168 W San Madele AVE ,CA,Fresno,93711,,S20,611,1168,W,San Madele,AVE,,,
CA33040011520161600692000,2016,1101 E MENLO AVE ,CA,HEMET,92543,,1,611,1101,E,MENLO,AVE,,,1101 E MENLO AV28
CA50040082120160024430000,2016,1400  YOSEMITE BLVD ,CA,MODESTO,95354,,1,311,1400,,YOSEMITE,BLVD,,,
CA50040101520050016590000,2005,1600   LEGION PARK DR  ,CA,MODESTO,95357, ,8,131,1600, ,LEGION PARK,DR, , ,
CA36170112320141414742000,2014,955  DUESENBERG DR N,CA,Ontario,91764,,,321,955,,DUESENBERG,DR,N,3318,
CA30065021520140014014000,2014,16361  WOODRUFF  ,CA,WESTMINSTER,0,0,99,321,16361,,WOODRUFF,,,,NEAR DREY RD
CA33070053020160065350000,2016,00003515  ROCK BUTTE PL ,CA,PERR,92570,,RRU,321,3515,,ROCK BUTTE,PL,,,120 BLK SADDLEBACK WY DEADEN
CA54555092920080000615000,2008,    French Ranch Rd. RDS N,CA,SPRINGVILLE,93265, ,TUU,141, , ,French Ranch Rd.,RDS,N, ,Balch park Rd.
CA56020020520150004256000,2015,2383 E TORRANCE  ,CA,Simi Valley,93065,,,321,2383,E,TORRANCE,,,,
CA15010021720161606016000,2016,500  ROBERTS LN ,CA,OILDALE,93308,,K64,611,500,,ROBERTS,LN,,,
CA19145022720150013559000,2015,794 S Arroyo BLVD ,CA,Pasadena,91105,,31,321,794,S,Arroyo,BLVD,,,
CA19110051120140117428000,2014,1201  THE STRAND  ,CA,HERMOSA BEACH,0,0,811,321,1201,,THE STRAND,,,,btwn PIER AV
CA30030051120151505571000,2015,1401 W AVE ANTIGUA  ,CA,Fullerton,92833,,4,321,1401,W,AVE ANTIGUA,,,,
CA01075090920140060466000,2014,965  55TH ST ,CA,OAKLAND,94609,,ST0,320,965,,55TH,ST,,,965 55TH ST
CA50085100120140002038000,2014,2842  ROSS AVE ,CA,RIVERBANK,95367,,36,111,2842,,ROSS,AVE,,,
CA15010072520050520592000,2005,    MILO AV    ,CA,BUTTONWILLOW,93206, ,K25,143, , ,MILO AV, , , ,WILLOW ST
CA19145060420150035238000,2015,25  KEWEN PL ,CA,PASADENA,91106,,91,740,25,,KEWEN,PL,,,
CA19110020320080027370000,2008,  E ALONDRA    ,CA,NORWALK,0,0,115,463, ,E,ALONDRA, , , ,NORWALKBLVDD
CA27060032220140001535000,2014,825  LOTTIE ST ,CA,MONTEREY,93940,,2,321,825,,LOTTIE,ST,,,
CA19110072420160214078000,2016,43464 N 32ND  W,CA,LANCASTER,0,0,134,611,43464,N,32ND,,W,204,btwn W AVENUE K4
CA52030112020150009696000,2015,00023150  SMITH  ,CA,ELCAMINO,96035,,TGU,500,23150,,SMITH,,,,7370 BLK MCCLURE AV 7360 BLK
CA19110101120140262902000,2014,22640  GARZOTA  ,CA,SANTA CLARITA,0,0,111,321,22640,,GARZOTA,,,122,btwn AVENIDA TERRAZA
CA19055120220160035986000,2016,0  BARLIN  ,CA,DOWNEY,90242,,,611,0,,BARLIN,,,,
CA41095103020161694172000,2016,2206  DERRY WAY ,CA,SOUTH SAN FRANCISCO,94080,,63,321,2206,,DERRY,WAY,,,2206 DERRY WY
CA19110012420150023840000,2015,2200 E WILLOW  ,CA,SIGNAL HILL,0,0,60,321,2200,E,WILLOW,,,,btwn N DAWSON AV
CA39060070620160160906000,2016,21900 N HWY 99 Frontage RD E,CA,Ripon,95366,,1,321,21900,N,HWY 99 Frontage,RD,E,,
CA41085050920060001536000,2006,    101    ,CA,San Mateo,94401, ,14,463, , ,101, , , ,
CA33054092720160117408000,2016,00026158  DARDANELLE CT ,CA,MOVA,92553,,RRU,321,26158,,DARDANELLE,CT,,,13430 BLK LAKEPORT DR DEADEN
CA54045090720130008551000,2013,2224 W Caldwell AV ,CA,Visalia,93277,,S52,151,2224,W,Caldwell,AV,,,Fire located in orchard Approx
CA54010010420160000035000,2016,840  First DR ,CA,Dinuba,93618,,S31,652,840,,First,DR,,,
CA37165111320140023625000,2014,00011486  CAMPO RD ,CA,SANMIGUEL,91977,,MVU,321,11486,,CAMPO,RD,,,3600 BLK VIA MERCADO 11399 BL
CA50040062020080010731000,2008,3208   DORIS CT  ,CA,MODESTO,95354, ,3,113,3208, ,DORIS,CT, , ,
CA19055100720150029226000,2015,9800  LESTERFORD  ,CA,DOWNEY,90240,,,100,9800,,LESTERFORD,,,,
